,head,tail
0,10-2,10-2
1,10-2,10-6
2,10-2,10-7
3,10-2,10-8
4,10-2,10-9
5,10-2,10-10
6,10-2,10-12
7,10-2,10-13
8,10-3,10-2
9,10-3,10-6
10,10-3,10-7
11,10-3,10-8
12,10-3,10-9
13,10-3,10-10
14,10-3,10-12
15,10-3,10-13
16,10-4,10-2
17,10-4,10-6
18,10-4,10-7
19,10-4,10-8
20,10-4,10-9
21,10-4,10-10
22,10-4,10-12
23,10-4,10-13
24,10-6,10-2
25,10-6,10-6
26,10-6,10-7
27,10-6,10-8
28,10-6,10-9
29,10-6,10-10
30,10-6,10-12
31,10-6,10-13
32,10-7,10-2
33,10-7,10-6
34,10-7,10-7
35,10-7,10-8
36,10-7,10-9
37,10-7,10-10
38,10-7,10-12
39,10-7,10-13
40,10-8,10-2
41,10-8,10-6
42,10-8,10-7
43,10-8,10-8
44,10-8,10-9
45,10-8,10-10
46,10-8,10-12
47,10-8,10-13
48,10-9,10-2
49,10-9,10-6
50,10-9,10-7
51,10-9,10-8
52,10-9,10-9
53,10-9,10-10
54,10-9,10-12
55,10-9,10-13
56,10-10,10-2
57,10-10,10-6
58,10-10,10-7
59,10-10,10-8
60,10-10,10-9
61,10-10,10-10
62,10-10,10-12
63,10-10,10-13
64,10-11,10-2
65,10-11,10-6
66,10-11,10-7
67,10-11,10-8
68,10-11,10-9
69,10-11,10-10
70,10-11,10-12
71,10-11,10-13
72,10-12,10-2
73,10-12,10-6
74,10-12,10-7
75,10-12,10-8
76,10-12,10-9
77,10-12,10-10
78,10-12,10-12
79,10-12,10-13
80,10-13,10-2
81,10-13,10-6
82,10-13,10-7
83,10-13,10-8
84,10-13,10-9
85,10-13,10-10
86,10-13,10-12
87,10-13,10-13
88,100-1,100-1
89,100-1,100-2
90,100-1,100-3
91,100-1,100-8
92,100-2,100-1
93,100-2,100-2
94,100-2,100-3
95,100-2,100-8
96,100-3,100-1
97,100-3,100-2
98,100-3,100-3
99,100-3,100-8
100,100-4,100-1
101,100-4,100-2
102,100-4,100-3
103,100-4,100-8
104,100-6,100-1
105,100-6,100-2
106,100-6,100-3
107,100-6,100-8
108,100-7,100-1
109,100-7,100-2
110,100-7,100-3
111,100-7,100-8
112,100-8,100-1
113,100-8,100-2
114,100-8,100-3
115,100-8,100-8
116,101-1,101-1
117,101-1,101-2
118,101-1,101-5
119,101-1,101-9
120,101-2,101-1
121,101-2,101-2
122,101-2,101-5
123,101-2,101-9
124,101-5,101-1
125,101-5,101-2
126,101-5,101-5
127,101-5,101-9
128,101-9,101-1
129,101-9,101-2
130,101-9,101-5
131,101-9,101-9
132,102-1,102-2
133,102-1,102-7
134,102-2,102-2
135,102-2,102-7
136,102-3,102-2
137,102-3,102-7
138,106-4,106-3
139,106-4,106-4
140,109-3,109-3
141,109-3,109-4
142,109-5,109-3
143,109-5,109-4
144,11-1,11-2
145,11-1,11-6
146,11-2,11-2
147,11-2,11-6
148,11-4,11-2
149,11-4,11-6
150,11-5,11-2
151,11-5,11-6
152,11-6,11-2
153,11-6,11-6
154,110-9,110-1
155,110-9,110-9
156,111-1,111-1
157,111-1,111-2
158,111-1,111-3
159,111-1,111-4
160,111-1,111-5
161,111-1,111-6
162,111-1,111-7
163,111-1,111-8
164,111-1,111-9
165,111-1,111-10
166,111-2,111-1
167,111-2,111-2
168,111-2,111-3
169,111-2,111-4
170,111-2,111-5
171,111-2,111-6
172,111-2,111-7
173,111-2,111-8
174,111-2,111-9
175,111-2,111-10
176,111-3,111-1
177,111-3,111-2
178,111-3,111-3
179,111-3,111-4
180,111-3,111-5
181,111-3,111-6
182,111-3,111-7
183,111-3,111-8
184,111-3,111-9
185,111-3,111-10
186,111-9,111-1
187,111-9,111-2
188,111-9,111-3
189,111-9,111-4
190,111-9,111-5
191,111-9,111-6
192,111-9,111-7
193,111-9,111-8
194,111-9,111-9
195,111-9,111-10
196,112-2,112-2
197,112-2,112-3
198,112-2,112-4
199,112-2,112-5
200,112-2,112-6
201,112-2,112-11
202,112-4,112-2
203,112-4,112-3
204,112-4,112-4
205,112-4,112-5
206,112-4,112-6
207,112-4,112-11
208,112-5,112-2
209,112-5,112-3
210,112-5,112-4
211,112-5,112-5
212,112-5,112-6
213,112-5,112-11
214,113-3,113-3
215,113-3,113-9
216,113-4,113-3
217,113-4,113-9
218,113-5,113-3
219,113-5,113-9
220,114-1,114-1
221,114-1,114-3
222,114-3,114-1
223,114-3,114-3
224,115-6,115-4
225,115-6,115-5
226,115-6,115-6
227,115-6,115-8
228,115-8,115-4
229,115-8,115-5
230,115-8,115-6
231,115-8,115-8
232,116-2,116-1
233,116-2,116-2
234,116-2,116-4
235,116-2,116-10
236,116-2,116-11
237,116-3,116-1
238,116-3,116-2
239,116-3,116-4
240,116-3,116-10
241,116-3,116-11
242,116-10,116-1
243,116-10,116-2
244,116-10,116-4
245,116-10,116-10
246,116-10,116-11
247,116-11,116-1
248,116-11,116-2
249,116-11,116-4
250,116-11,116-10
251,116-11,116-11
252,117-1,117-4
253,117-1,117-9
254,117-1,117-10
255,117-4,117-4
256,117-4,117-9
257,117-4,117-10
258,117-10,117-4
259,117-10,117-9
260,117-10,117-10
261,118-3,118-3
262,118-3,118-4
263,118-3,118-5
264,118-3,118-7
265,118-3,118-12
266,118-3,118-13
267,118-4,118-3
268,118-4,118-4
269,118-4,118-5
270,118-4,118-7
271,118-4,118-12
272,118-4,118-13
273,118-5,118-3
274,118-5,118-4
275,118-5,118-5
276,118-5,118-7
277,118-5,118-12
278,118-5,118-13
279,118-7,118-3
280,118-7,118-4
281,118-7,118-5
282,118-7,118-7
283,118-7,118-12
284,118-7,118-13
285,118-11,118-3
286,118-11,118-4
287,118-11,118-5
288,118-11,118-7
289,118-11,118-12
290,118-11,118-13
291,118-12,118-3
292,118-12,118-4
293,118-12,118-5
294,118-12,118-7
295,118-12,118-12
296,118-12,118-13
297,118-13,118-3
298,118-13,118-4
299,118-13,118-5
300,118-13,118-7
301,118-13,118-12
302,118-13,118-13
303,119-2,119-2
304,119-2,119-6
305,119-6,119-2
306,119-6,119-6
307,119-7,119-2
308,119-7,119-6
309,12-1,12-2
310,12-1,12-4
311,12-2,12-2
312,12-2,12-4
313,12-4,12-2
314,12-4,12-4
315,12-9,12-2
316,12-9,12-4
317,120-4,120-4
318,120-4,120-5
319,120-4,120-6
320,120-4,120-7
321,120-4,120-8
322,120-5,120-4
323,120-5,120-5
324,120-5,120-6
325,120-5,120-7
326,120-5,120-8
327,120-6,120-4
328,120-6,120-5
329,120-6,120-6
330,120-6,120-7
331,120-6,120-8
332,120-7,120-4
333,120-7,120-5
334,120-7,120-6
335,120-7,120-7
336,120-7,120-8
337,120-8,120-4
338,120-8,120-5
339,120-8,120-6
340,120-8,120-7
341,120-8,120-8
342,121-1,121-1
343,121-1,121-2
344,121-1,121-6
345,121-2,121-1
346,121-2,121-2
347,121-2,121-6
348,121-3,121-1
349,121-3,121-2
350,121-3,121-6
351,121-5,121-1
352,121-5,121-2
353,121-5,121-6
354,122-1,122-1
355,123-1,123-6
356,123-6,123-6
357,123-7,123-6
358,124-1,124-1
359,124-1,124-3
360,124-1,124-4
361,124-1,124-8
362,124-4,124-1
363,124-4,124-3
364,124-4,124-4
365,124-4,124-8
366,125-1,125-2
367,125-1,125-3
368,125-1,125-4
369,125-2,125-2
370,125-2,125-3
371,125-2,125-4
372,125-3,125-2
373,125-3,125-3
374,125-3,125-4
375,125-4,125-2
376,125-4,125-3
377,125-4,125-4
378,125-5,125-2
379,125-5,125-3
380,125-5,125-4
381,125-7,125-2
382,125-7,125-3
383,125-7,125-4
384,126-1,126-1
385,126-1,126-3
386,126-1,126-5
387,126-3,126-1
388,126-3,126-3
389,126-3,126-5
390,126-4,126-1
391,126-4,126-3
392,126-4,126-5
393,126-5,126-1
394,126-5,126-3
395,126-5,126-5
396,127-2,127-3
397,127-2,127-4
398,127-2,127-8
399,127-3,127-3
400,127-3,127-4
401,127-3,127-8
402,127-5,127-3
403,127-5,127-4
404,127-5,127-8
405,127-8,127-3
406,127-8,127-4
407,127-8,127-8
408,128-2,128-2
409,128-2,128-3
410,128-2,128-7
411,128-3,128-2
412,128-3,128-3
413,128-3,128-7
414,13-1,13-1
415,13-1,13-2
416,13-1,13-3
417,13-1,13-5
418,13-1,13-6
419,13-1,13-8
420,13-1,13-9
421,13-1,13-10
422,13-1,13-12
423,13-2,13-1
424,13-2,13-2
425,13-2,13-3
426,13-2,13-5
427,13-2,13-6
428,13-2,13-8
429,13-2,13-9
430,13-2,13-10
431,13-2,13-12
432,13-3,13-1
433,13-3,13-2
434,13-3,13-3
435,13-3,13-5
436,13-3,13-6
437,13-3,13-8
438,13-3,13-9
439,13-3,13-10
440,13-3,13-12
441,13-5,13-1
442,13-5,13-2
443,13-5,13-3
444,13-5,13-5
445,13-5,13-6
446,13-5,13-8
447,13-5,13-9
448,13-5,13-10
449,13-5,13-12
450,13-7,13-1
451,13-7,13-2
452,13-7,13-3
453,13-7,13-5
454,13-7,13-6
455,13-7,13-8
456,13-7,13-9
457,13-7,13-10
458,13-7,13-12
459,13-8,13-1
460,13-8,13-2
461,13-8,13-3
462,13-8,13-5
463,13-8,13-6
464,13-8,13-8
465,13-8,13-9
466,13-8,13-10
467,13-8,13-12
468,13-10,13-1
469,13-10,13-2
470,13-10,13-3
471,13-10,13-5
472,13-10,13-6
473,13-10,13-8
474,13-10,13-9
475,13-10,13-10
476,13-10,13-12
477,13-11,13-1
478,13-11,13-2
479,13-11,13-3
480,13-11,13-5
481,13-11,13-6
482,13-11,13-8
483,13-11,13-9
484,13-11,13-10
485,13-11,13-12
486,13-12,13-1
487,13-12,13-2
488,13-12,13-3
489,13-12,13-5
490,13-12,13-6
491,13-12,13-8
492,13-12,13-9
493,13-12,13-10
494,13-12,13-12
495,13-14,13-1
496,13-14,13-2
497,13-14,13-3
498,13-14,13-5
499,13-14,13-6
500,13-14,13-8
501,13-14,13-9
502,13-14,13-10
503,13-14,13-12
504,130-2,130-5
505,130-4,130-5
506,130-5,130-5
507,130-6,130-5
508,130-8,130-5
509,131-2,131-2
510,131-2,131-5
511,131-5,131-2
512,131-5,131-5
513,131-7,131-2
514,131-7,131-5
515,131-11,131-2
516,131-11,131-5
517,133-1,133-1
518,133-1,133-2
519,133-1,133-5
520,133-2,133-1
521,133-2,133-2
522,133-2,133-5
523,133-5,133-1
524,133-5,133-2
525,133-5,133-5
526,133-6,133-1
527,133-6,133-2
528,133-6,133-5
529,133-7,133-1
530,133-7,133-2
531,133-7,133-5
532,134-2,134-2
533,134-2,134-4
534,134-2,134-5
535,134-2,134-8
536,134-2,134-9
537,134-2,134-10
538,134-2,134-11
539,134-2,134-12
540,134-4,134-2
541,134-4,134-4
542,134-4,134-5
543,134-4,134-8
544,134-4,134-9
545,134-4,134-10
546,134-4,134-11
547,134-4,134-12
548,134-5,134-2
549,134-5,134-4
550,134-5,134-5
551,134-5,134-8
552,134-5,134-9
553,134-5,134-10
554,134-5,134-11
555,134-5,134-12
556,134-8,134-2
557,134-8,134-4
558,134-8,134-5
559,134-8,134-8
560,134-8,134-9
561,134-8,134-10
562,134-8,134-11
563,134-8,134-12
564,134-11,134-2
565,134-11,134-4
566,134-11,134-5
567,134-11,134-8
568,134-11,134-9
569,134-11,134-10
570,134-11,134-11
571,134-11,134-12
572,134-12,134-2
573,134-12,134-4
574,134-12,134-5
575,134-12,134-8
576,134-12,134-9
577,134-12,134-10
578,134-12,134-11
579,134-12,134-12
580,135-1,135-1
581,135-1,135-3
582,135-1,135-4
583,135-1,135-5
584,135-2,135-1
585,135-2,135-3
586,135-2,135-4
587,135-2,135-5
588,135-3,135-1
589,135-3,135-3
590,135-3,135-4
591,135-3,135-5
592,135-4,135-1
593,135-4,135-3
594,135-4,135-4
595,135-4,135-5
596,136-5,136-2
597,136-5,136-5
598,137-1,137-1
599,137-1,137-2
600,137-1,137-3
601,137-1,137-4
602,137-1,137-5
603,137-1,137-6
604,137-1,137-9
605,137-2,137-1
606,137-2,137-2
607,137-2,137-3
608,137-2,137-4
609,137-2,137-5
610,137-2,137-6
611,137-2,137-9
612,137-5,137-1
613,137-5,137-2
614,137-5,137-3
615,137-5,137-4
616,137-5,137-5
617,137-5,137-6
618,137-5,137-9
619,137-9,137-1
620,137-9,137-2
621,137-9,137-3
622,137-9,137-4
623,137-9,137-5
624,137-9,137-6
625,137-9,137-9
626,138-5,138-5
627,138-5,138-8
628,139-4,139-4
629,14-5,14-5
630,14-5,14-6
631,14-5,14-7
632,14-5,14-8
633,14-5,14-9
634,14-5,14-12
635,14-8,14-5
636,14-8,14-6
637,14-8,14-7
638,14-8,14-8
639,14-8,14-9
640,14-8,14-12
641,14-9,14-5
642,14-9,14-6
643,14-9,14-7
644,14-9,14-8
645,14-9,14-9
646,14-9,14-12
647,14-12,14-5
648,14-12,14-6
649,14-12,14-7
650,14-12,14-8
651,14-12,14-9
652,14-12,14-12
653,140-1,140-1
654,140-1,140-3
655,140-1,140-4
656,140-1,140-5
657,140-1,140-9
658,140-5,140-1
659,140-5,140-3
660,140-5,140-4
661,140-5,140-5
662,140-5,140-9
663,140-9,140-1
664,140-9,140-3
665,140-9,140-4
666,140-9,140-5
667,140-9,140-9
668,141-1,141-8
669,141-2,141-8
670,141-8,141-8
671,142-1,142-1
672,142-1,142-2
673,142-1,142-3
674,142-1,142-4
675,142-1,142-6
676,142-2,142-1
677,142-2,142-2
678,142-2,142-3
679,142-2,142-4
680,142-2,142-6
681,142-3,142-1
682,142-3,142-2
683,142-3,142-3
684,142-3,142-4
685,142-3,142-6
686,142-6,142-1
687,142-6,142-2
688,142-6,142-3
689,142-6,142-4
690,142-6,142-6
691,143-1,143-1
692,143-1,143-3
693,143-1,143-7
694,143-1,143-8
695,143-2,143-1
696,143-2,143-3
697,143-2,143-7
698,143-2,143-8
699,143-3,143-1
700,143-3,143-3
701,143-3,143-7
702,143-3,143-8
703,143-5,143-1
704,143-5,143-3
705,143-5,143-7
706,143-5,143-8
707,143-6,143-1
708,143-6,143-3
709,143-6,143-7
710,143-6,143-8
711,143-7,143-1
712,143-7,143-3
713,143-7,143-7
714,143-7,143-8
715,143-8,143-1
716,143-8,143-3
717,143-8,143-7
718,143-8,143-8
719,144-1,144-3
720,144-1,144-4
721,144-1,144-6
722,145-3,145-3
723,145-3,145-4
724,145-3,145-5
725,145-3,145-6
726,145-3,145-7
727,145-3,145-9
728,145-3,145-10
729,145-3,145-11
730,145-4,145-3
731,145-4,145-4
732,145-4,145-5
733,145-4,145-6
734,145-4,145-7
735,145-4,145-9
736,145-4,145-10
737,145-4,145-11
738,145-9,145-3
739,145-9,145-4
740,145-9,145-5
741,145-9,145-6
742,145-9,145-7
743,145-9,145-9
744,145-9,145-10
745,145-9,145-11
746,146-4,146-2
747,146-4,146-4
748,146-4,146-5
749,146-4,146-7
750,146-4,146-8
751,146-5,146-2
752,146-5,146-4
753,146-5,146-5
754,146-5,146-7
755,146-5,146-8
756,147-1,147-1
757,147-1,147-2
758,147-1,147-6
759,147-1,147-7
760,147-2,147-1
761,147-2,147-2
762,147-2,147-6
763,147-2,147-7
764,147-3,147-1
765,147-3,147-2
766,147-3,147-6
767,147-3,147-7
768,147-4,147-1
769,147-4,147-2
770,147-4,147-6
771,147-4,147-7
772,147-6,147-1
773,147-6,147-2
774,147-6,147-6
775,147-6,147-7
776,147-7,147-1
777,147-7,147-2
778,147-7,147-6
779,147-7,147-7
780,147-8,147-1
781,147-8,147-2
782,147-8,147-6
783,147-8,147-7
784,148-4,148-1
785,148-4,148-4
786,148-4,148-5
787,148-4,148-9
788,148-9,148-1
789,148-9,148-4
790,148-9,148-5
791,148-9,148-9
792,149-6,149-3
793,149-6,149-4
794,149-6,149-7
795,149-6,149-10
796,149-7,149-3
797,149-7,149-4
798,149-7,149-7
799,149-7,149-10
800,15-1,15-1
801,15-1,15-3
802,15-1,15-4
803,15-1,15-5
804,15-1,15-6
805,15-1,15-9
806,15-1,15-10
807,15-1,15-12
808,15-3,15-1
809,15-3,15-3
810,15-3,15-4
811,15-3,15-5
812,15-3,15-6
813,15-3,15-9
814,15-3,15-10
815,15-3,15-12
816,15-4,15-1
817,15-4,15-3
818,15-4,15-4
819,15-4,15-5
820,15-4,15-6
821,15-4,15-9
822,15-4,15-10
823,15-4,15-12
824,15-5,15-1
825,15-5,15-3
826,15-5,15-4
827,15-5,15-5
828,15-5,15-6
829,15-5,15-9
830,15-5,15-10
831,15-5,15-12
832,15-6,15-1
833,15-6,15-3
834,15-6,15-4
835,15-6,15-5
836,15-6,15-6
837,15-6,15-9
838,15-6,15-10
839,15-6,15-12
840,15-9,15-1
841,15-9,15-3
842,15-9,15-4
843,15-9,15-5
844,15-9,15-6
845,15-9,15-9
846,15-9,15-10
847,15-9,15-12
848,15-10,15-1
849,15-10,15-3
850,15-10,15-4
851,15-10,15-5
852,15-10,15-6
853,15-10,15-9
854,15-10,15-10
855,15-10,15-12
856,15-12,15-1
857,15-12,15-3
858,15-12,15-4
859,15-12,15-5
860,15-12,15-6
861,15-12,15-9
862,15-12,15-10
863,15-12,15-12
864,150-2,150-1
865,150-2,150-2
866,150-2,150-8
867,150-8,150-1
868,150-8,150-2
869,150-8,150-8
870,150-11,150-1
871,150-11,150-2
872,150-11,150-8
873,151-1,151-1
874,151-1,151-9
875,151-4,151-1
876,151-4,151-9
877,151-9,151-1
878,151-9,151-9
879,152-1,152-1
880,152-1,152-2
881,152-1,152-3
882,152-1,152-5
883,152-1,152-11
884,152-1,152-13
885,152-1,152-14
886,152-1,152-15
887,152-2,152-1
888,152-2,152-2
889,152-2,152-3
890,152-2,152-5
891,152-2,152-11
892,152-2,152-13
893,152-2,152-14
894,152-2,152-15
895,152-7,152-1
896,152-7,152-2
897,152-7,152-3
898,152-7,152-5
899,152-7,152-11
900,152-7,152-13
901,152-7,152-14
902,152-7,152-15
903,152-9,152-1
904,152-9,152-2
905,152-9,152-3
906,152-9,152-5
907,152-9,152-11
908,152-9,152-13
909,152-9,152-14
910,152-9,152-15
911,152-11,152-1
912,152-11,152-2
913,152-11,152-3
914,152-11,152-5
915,152-11,152-11
916,152-11,152-13
917,152-11,152-14
918,152-11,152-15
919,152-13,152-1
920,152-13,152-2
921,152-13,152-3
922,152-13,152-5
923,152-13,152-11
924,152-13,152-13
925,152-13,152-14
926,152-13,152-15
927,152-14,152-1
928,152-14,152-2
929,152-14,152-3
930,152-14,152-5
931,152-14,152-11
932,152-14,152-13
933,152-14,152-14
934,152-14,152-15
935,153-9,153-1
936,153-9,153-2
937,153-9,153-9
938,154-2,154-1
939,154-2,154-2
940,154-2,154-3
941,154-2,154-4
942,154-2,154-5
943,154-2,154-7
944,154-2,154-10
945,154-2,154-11
946,154-2,154-12
947,154-3,154-1
948,154-3,154-2
949,154-3,154-3
950,154-3,154-4
951,154-3,154-5
952,154-3,154-7
953,154-3,154-10
954,154-3,154-11
955,154-3,154-12
956,154-4,154-1
957,154-4,154-2
958,154-4,154-3
959,154-4,154-4
960,154-4,154-5
961,154-4,154-7
962,154-4,154-10
963,154-4,154-11
964,154-4,154-12
965,154-5,154-1
966,154-5,154-2
967,154-5,154-3
968,154-5,154-4
969,154-5,154-5
970,154-5,154-7
971,154-5,154-10
972,154-5,154-11
973,154-5,154-12
974,154-7,154-1
975,154-7,154-2
976,154-7,154-3
977,154-7,154-4
978,154-7,154-5
979,154-7,154-7
980,154-7,154-10
981,154-7,154-11
982,154-7,154-12
983,154-10,154-1
984,154-10,154-2
985,154-10,154-3
986,154-10,154-4
987,154-10,154-5
988,154-10,154-7
989,154-10,154-10
990,154-10,154-11
991,154-10,154-12
992,154-11,154-1
993,154-11,154-2
994,154-11,154-3
995,154-11,154-4
996,154-11,154-5
997,154-11,154-7
998,154-11,154-10
999,154-11,154-11
1000,154-11,154-12
1001,155-4,155-4
1002,155-4,155-6
1003,155-4,155-7
1004,155-4,155-9
1005,155-4,155-10
1006,155-4,155-11
1007,155-6,155-4
1008,155-6,155-6
1009,155-6,155-7
1010,155-6,155-9
1011,155-6,155-10
1012,155-6,155-11
1013,155-7,155-4
1014,155-7,155-6
1015,155-7,155-7
1016,155-7,155-9
1017,155-7,155-10
1018,155-7,155-11
1019,155-9,155-4
1020,155-9,155-6
1021,155-9,155-7
1022,155-9,155-9
1023,155-9,155-10
1024,155-9,155-11
1025,155-10,155-4
1026,155-10,155-6
1027,155-10,155-7
1028,155-10,155-9
1029,155-10,155-10
1030,155-10,155-11
1031,157-5,157-1
1032,157-5,157-2
1033,157-5,157-5
1034,157-5,157-6
1035,157-6,157-1
1036,157-6,157-2
1037,157-6,157-5
1038,157-6,157-6
1039,158-4,158-3
1040,158-4,158-5
1041,158-4,158-6
1042,158-4,158-7
1043,158-4,158-8
1044,158-4,158-9
1045,158-6,158-3
1046,158-6,158-5
1047,158-6,158-6
1048,158-6,158-7
1049,158-6,158-8
1050,158-6,158-9
1051,158-8,158-3
1052,158-8,158-5
1053,158-8,158-6
1054,158-8,158-7
1055,158-8,158-8
1056,158-8,158-9
1057,159-3,159-3
1058,16-3,16-3
1059,16-3,16-4
1060,16-3,16-6
1061,16-3,16-8
1062,16-3,16-9
1063,16-3,16-10
1064,16-3,16-11
1065,16-4,16-3
1066,16-4,16-4
1067,16-4,16-6
1068,16-4,16-8
1069,16-4,16-9
1070,16-4,16-10
1071,16-4,16-11
1072,16-6,16-3
1073,16-6,16-4
1074,16-6,16-6
1075,16-6,16-8
1076,16-6,16-9
1077,16-6,16-10
1078,16-6,16-11
1079,16-9,16-3
1080,16-9,16-4
1081,16-9,16-6
1082,16-9,16-8
1083,16-9,16-9
1084,16-9,16-10
1085,16-9,16-11
1086,16-10,16-3
1087,16-10,16-4
1088,16-10,16-6
1089,16-10,16-8
1090,16-10,16-9
1091,16-10,16-10
1092,16-10,16-11
1093,16-11,16-3
1094,16-11,16-4
1095,16-11,16-6
1096,16-11,16-8
1097,16-11,16-9
1098,16-11,16-10
1099,16-11,16-11
1100,160-1,160-1
1101,160-1,160-2
1102,160-1,160-4
1103,160-5,160-1
1104,160-5,160-2
1105,160-5,160-4
1106,160-6,160-1
1107,160-6,160-2
1108,160-6,160-4
1109,161-1,161-1
1110,161-1,161-2
1111,161-1,161-3
1112,161-1,161-6
1113,161-6,161-1
1114,161-6,161-2
1115,161-6,161-3
1116,161-6,161-6
1117,162-4,162-3
1118,162-4,162-4
1119,162-4,162-6
1120,162-4,162-7
1121,162-4,162-8
1122,162-7,162-3
1123,162-7,162-4
1124,162-7,162-6
1125,162-7,162-7
1126,162-7,162-8
1127,163-2,163-2
1128,163-2,163-3
1129,163-2,163-5
1130,163-5,163-2
1131,163-5,163-3
1132,163-5,163-5
1133,165-2,165-2
1134,165-2,165-9
1135,165-9,165-2
1136,165-9,165-9
1137,166-3,166-3
1138,166-3,166-4
1139,166-3,166-5
1140,166-3,166-14
1141,166-5,166-3
1142,166-5,166-4
1143,166-5,166-5
1144,166-5,166-14
1145,167-7,167-7
1146,167-8,167-7
1147,168-1,168-1
1148,168-1,168-6
1149,168-2,168-1
1150,168-2,168-6
1151,168-6,168-1
1152,168-6,168-6
1153,168-10,168-1
1154,168-10,168-6
1155,169-3,169-2
1156,169-3,169-3
1157,169-3,169-4
1158,169-3,169-5
1159,169-3,169-7
1160,169-3,169-9
1161,169-4,169-2
1162,169-4,169-3
1163,169-4,169-4
1164,169-4,169-5
1165,169-4,169-7
1166,169-4,169-9
1167,169-5,169-2
1168,169-5,169-3
1169,169-5,169-4
1170,169-5,169-5
1171,169-5,169-7
1172,169-5,169-9
1173,169-7,169-2
1174,169-7,169-3
1175,169-7,169-4
1176,169-7,169-5
1177,169-7,169-7
1178,169-7,169-9
1179,169-8,169-2
1180,169-8,169-3
1181,169-8,169-4
1182,169-8,169-5
1183,169-8,169-7
1184,169-8,169-9
1185,17-1,17-1
1186,17-1,17-2
1187,17-1,17-3
1188,17-1,17-5
1189,17-1,17-17
1190,17-2,17-1
1191,17-2,17-2
1192,17-2,17-3
1193,17-2,17-5
1194,17-2,17-17
1195,17-3,17-1
1196,17-3,17-2
1197,17-3,17-3
1198,17-3,17-5
1199,17-3,17-17
1200,17-4,17-1
1201,17-4,17-2
1202,17-4,17-3
1203,17-4,17-5
1204,17-4,17-17
1205,17-5,17-1
1206,17-5,17-2
1207,17-5,17-3
1208,17-5,17-5
1209,17-5,17-17
1210,17-6,17-1
1211,17-6,17-2
1212,17-6,17-3
1213,17-6,17-5
1214,17-6,17-17
1215,17-11,17-1
1216,17-11,17-2
1217,17-11,17-3
1218,17-11,17-5
1219,17-11,17-17
1220,17-17,17-1
1221,17-17,17-2
1222,17-17,17-3
1223,17-17,17-5
1224,17-17,17-17
1225,170-1,170-1
1226,170-1,170-2
1227,170-1,170-7
1228,170-2,170-1
1229,170-2,170-2
1230,170-2,170-7
1231,170-3,170-1
1232,170-3,170-2
1233,170-3,170-7
1234,171-2,171-2
1235,171-2,171-3
1236,171-2,171-4
1237,171-2,171-5
1238,171-2,171-6
1239,171-2,171-7
1240,171-3,171-2
1241,171-3,171-3
1242,171-3,171-4
1243,171-3,171-5
1244,171-3,171-6
1245,171-3,171-7
1246,174-1,174-4
1247,174-1,174-5
1248,175-1,175-3
1249,175-1,175-4
1250,175-1,175-9
1251,175-2,175-3
1252,175-2,175-4
1253,175-2,175-9
1254,175-3,175-3
1255,175-3,175-4
1256,175-3,175-9
1257,175-9,175-3
1258,175-9,175-4
1259,175-9,175-9
1260,176-1,176-1
1261,176-1,176-2
1262,176-1,176-5
1263,176-1,176-6
1264,176-1,176-11
1265,176-1,176-12
1266,176-1,176-13
1267,176-2,176-1
1268,176-2,176-2
1269,176-2,176-5
1270,176-2,176-6
1271,176-2,176-11
1272,176-2,176-12
1273,176-2,176-13
1274,176-4,176-1
1275,176-4,176-2
1276,176-4,176-5
1277,176-4,176-6
1278,176-4,176-11
1279,176-4,176-12
1280,176-4,176-13
1281,176-6,176-1
1282,176-6,176-2
1283,176-6,176-5
1284,176-6,176-6
1285,176-6,176-11
1286,176-6,176-12
1287,176-6,176-13
1288,176-7,176-1
1289,176-7,176-2
1290,176-7,176-5
1291,176-7,176-6
1292,176-7,176-11
1293,176-7,176-12
1294,176-7,176-13
1295,176-10,176-1
1296,176-10,176-2
1297,176-10,176-5
1298,176-10,176-6
1299,176-10,176-11
1300,176-10,176-12
1301,176-10,176-13
1302,176-11,176-1
1303,176-11,176-2
1304,176-11,176-5
1305,176-11,176-6
1306,176-11,176-11
1307,176-11,176-12
1308,176-11,176-13
1309,176-13,176-1
1310,176-13,176-2
1311,176-13,176-5
1312,176-13,176-6
1313,176-13,176-11
1314,176-13,176-12
1315,176-13,176-13
1316,178-2,178-1
1317,178-2,178-2
1318,178-2,178-4
1319,178-2,178-5
1320,178-2,178-11
1321,178-2,178-12
1322,178-5,178-1
1323,178-5,178-2
1324,178-5,178-4
1325,178-5,178-5
1326,178-5,178-11
1327,178-5,178-12
1328,179-5,179-4
1329,179-5,179-5
1330,179-5,179-6
1331,179-5,179-7
1332,179-5,179-10
1333,18-1,18-1
1334,18-1,18-2
1335,18-1,18-3
1336,18-1,18-4
1337,18-1,18-7
1338,18-1,18-8
1339,18-1,18-10
1340,18-2,18-1
1341,18-2,18-2
1342,18-2,18-3
1343,18-2,18-4
1344,18-2,18-7
1345,18-2,18-8
1346,18-2,18-10
1347,18-3,18-1
1348,18-3,18-2
1349,18-3,18-3
1350,18-3,18-4
1351,18-3,18-7
1352,18-3,18-8
1353,18-3,18-10
1354,18-4,18-1
1355,18-4,18-2
1356,18-4,18-3
1357,18-4,18-4
1358,18-4,18-7
1359,18-4,18-8
1360,18-4,18-10
1361,18-10,18-1
1362,18-10,18-2
1363,18-10,18-3
1364,18-10,18-4
1365,18-10,18-7
1366,18-10,18-8
1367,18-10,18-10
1368,180-1,180-1
1369,180-1,180-3
1370,180-1,180-4
1371,180-1,180-13
1372,180-3,180-1
1373,180-3,180-3
1374,180-3,180-4
1375,180-3,180-13
1376,180-13,180-1
1377,180-13,180-3
1378,180-13,180-4
1379,180-13,180-13
1380,181-3,181-3
1381,181-3,181-4
1382,181-3,181-7
1383,181-4,181-3
1384,181-4,181-4
1385,181-4,181-7
1386,181-5,181-3
1387,181-5,181-4
1388,181-5,181-7
1389,181-6,181-3
1390,181-6,181-4
1391,181-6,181-7
1392,181-7,181-3
1393,181-7,181-4
1394,181-7,181-7
1395,182-2,182-1
1396,182-2,182-2
1397,182-2,182-3
1398,182-2,182-5
1399,182-2,182-9
1400,182-2,182-10
1401,182-3,182-1
1402,182-3,182-2
1403,182-3,182-3
1404,182-3,182-5
1405,182-3,182-9
1406,182-3,182-10
1407,182-5,182-1
1408,182-5,182-2
1409,182-5,182-3
1410,182-5,182-5
1411,182-5,182-9
1412,182-5,182-10
1413,182-9,182-1
1414,182-9,182-2
1415,182-9,182-3
1416,182-9,182-5
1417,182-9,182-9
1418,182-9,182-10
1419,182-10,182-1
1420,182-10,182-2
1421,182-10,182-3
1422,182-10,182-5
1423,182-10,182-9
1424,182-10,182-10
1425,182-11,182-1
1426,182-11,182-2
1427,182-11,182-3
1428,182-11,182-5
1429,182-11,182-9
1430,182-11,182-10
1431,183-3,183-3
1432,183-3,183-4
1433,183-3,183-6
1434,183-3,183-9
1435,183-3,183-10
1436,183-3,183-12
1437,183-3,183-14
1438,183-4,183-3
1439,183-4,183-4
1440,183-4,183-6
1441,183-4,183-9
1442,183-4,183-10
1443,183-4,183-12
1444,183-4,183-14
1445,183-5,183-3
1446,183-5,183-4
1447,183-5,183-6
1448,183-5,183-9
1449,183-5,183-10
1450,183-5,183-12
1451,183-5,183-14
1452,183-6,183-3
1453,183-6,183-4
1454,183-6,183-6
1455,183-6,183-9
1456,183-6,183-10
1457,183-6,183-12
1458,183-6,183-14
1459,183-7,183-3
1460,183-7,183-4
1461,183-7,183-6
1462,183-7,183-9
1463,183-7,183-10
1464,183-7,183-12
1465,183-7,183-14
1466,183-9,183-3
1467,183-9,183-4
1468,183-9,183-6
1469,183-9,183-9
1470,183-9,183-10
1471,183-9,183-12
1472,183-9,183-14
1473,183-14,183-3
1474,183-14,183-4
1475,183-14,183-6
1476,183-14,183-9
1477,183-14,183-10
1478,183-14,183-12
1479,183-14,183-14
1480,184-3,184-3
1481,184-3,184-4
1482,184-3,184-5
1483,184-3,184-8
1484,184-3,184-9
1485,184-3,184-10
1486,184-3,184-11
1487,184-5,184-3
1488,184-5,184-4
1489,184-5,184-5
1490,184-5,184-8
1491,184-5,184-9
1492,184-5,184-10
1493,184-5,184-11
1494,184-9,184-3
1495,184-9,184-4
1496,184-9,184-5
1497,184-9,184-8
1498,184-9,184-9
1499,184-9,184-10
1500,184-9,184-11
1501,184-11,184-3
1502,184-11,184-4
1503,184-11,184-5
1504,184-11,184-8
1505,184-11,184-9
1506,184-11,184-10
1507,184-11,184-11
1508,185-6,185-2
1509,185-6,185-3
1510,186-1,186-1
1511,186-1,186-2
1512,186-1,186-4
1513,186-1,186-6
1514,186-1,186-7
1515,186-1,186-10
1516,186-1,186-12
1517,186-2,186-1
1518,186-2,186-2
1519,186-2,186-4
1520,186-2,186-6
1521,186-2,186-7
1522,186-2,186-10
1523,186-2,186-12
1524,186-3,186-1
1525,186-3,186-2
1526,186-3,186-4
1527,186-3,186-6
1528,186-3,186-7
1529,186-3,186-10
1530,186-3,186-12
1531,186-6,186-1
1532,186-6,186-2
1533,186-6,186-4
1534,186-6,186-6
1535,186-6,186-7
1536,186-6,186-10
1537,186-6,186-12
1538,186-7,186-1
1539,186-7,186-2
1540,186-7,186-4
1541,186-7,186-6
1542,186-7,186-7
1543,186-7,186-10
1544,186-7,186-12
1545,186-8,186-1
1546,186-8,186-2
1547,186-8,186-4
1548,186-8,186-6
1549,186-8,186-7
1550,186-8,186-10
1551,186-8,186-12
1552,186-12,186-1
1553,186-12,186-2
1554,186-12,186-4
1555,186-12,186-6
1556,186-12,186-7
1557,186-12,186-10
1558,186-12,186-12
1559,187-1,187-1
1560,187-1,187-7
1561,187-6,187-1
1562,187-6,187-7
1563,189-2,189-2
1564,189-2,189-7
1565,189-7,189-2
1566,189-7,189-7
1567,19-1,19-3
1568,19-1,19-4
1569,19-1,19-5
1570,19-2,19-3
1571,19-2,19-4
1572,19-2,19-5
1573,19-3,19-3
1574,19-3,19-4
1575,19-3,19-5
1576,19-4,19-3
1577,19-4,19-4
1578,19-4,19-5
1579,19-5,19-3
1580,19-5,19-4
1581,19-5,19-5
1582,190-1,190-1
1583,190-2,190-1
1584,190-4,190-1
1585,190-8,190-1
1586,191-2,191-1
1587,191-2,191-2
1588,191-2,191-3
1589,193-3,193-3
1590,193-3,193-4
1591,193-3,193-6
1592,193-3,193-12
1593,193-4,193-3
1594,193-4,193-4
1595,193-4,193-6
1596,193-4,193-12
1597,193-6,193-3
1598,193-6,193-4
1599,193-6,193-6
1600,193-6,193-12
1601,193-8,193-3
1602,193-8,193-4
1603,193-8,193-6
1604,193-8,193-12
1605,193-10,193-3
1606,193-10,193-4
1607,193-10,193-6
1608,193-10,193-12
1609,194-1,194-2
1610,194-2,194-2
1611,194-9,194-2
1612,195-2,195-1
1613,195-2,195-2
1614,195-2,195-3
1615,195-2,195-4
1616,195-2,195-5
1617,195-2,195-6
1618,195-2,195-9
1619,195-2,195-11
1620,195-3,195-1
1621,195-3,195-2
1622,195-3,195-3
1623,195-3,195-4
1624,195-3,195-5
1625,195-3,195-6
1626,195-3,195-9
1627,195-3,195-11
1628,195-4,195-1
1629,195-4,195-2
1630,195-4,195-3
1631,195-4,195-4
1632,195-4,195-5
1633,195-4,195-6
1634,195-4,195-9
1635,195-4,195-11
1636,195-5,195-1
1637,195-5,195-2
1638,195-5,195-3
1639,195-5,195-4
1640,195-5,195-5
1641,195-5,195-6
1642,195-5,195-9
1643,195-5,195-11
1644,195-6,195-1
1645,195-6,195-2
1646,195-6,195-3
1647,195-6,195-4
1648,195-6,195-5
1649,195-6,195-6
1650,195-6,195-9
1651,195-6,195-11
1652,195-7,195-1
1653,195-7,195-2
1654,195-7,195-3
1655,195-7,195-4
1656,195-7,195-5
1657,195-7,195-6
1658,195-7,195-9
1659,195-7,195-11
1660,195-8,195-1
1661,195-8,195-2
1662,195-8,195-3
1663,195-8,195-4
1664,195-8,195-5
1665,195-8,195-6
1666,195-8,195-9
1667,195-8,195-11
1668,195-9,195-1
1669,195-9,195-2
1670,195-9,195-3
1671,195-9,195-4
1672,195-9,195-5
1673,195-9,195-6
1674,195-9,195-9
1675,195-9,195-11
1676,195-10,195-1
1677,195-10,195-2
1678,195-10,195-3
1679,195-10,195-4
1680,195-10,195-5
1681,195-10,195-6
1682,195-10,195-9
1683,195-10,195-11
1684,195-11,195-1
1685,195-11,195-2
1686,195-11,195-3
1687,195-11,195-4
1688,195-11,195-5
1689,195-11,195-6
1690,195-11,195-9
1691,195-11,195-11
1692,196-1,196-1
1693,196-2,196-1
1694,197-2,197-1
1695,197-2,197-2
1696,197-2,197-3
1697,197-2,197-4
1698,197-3,197-1
1699,197-3,197-2
1700,197-3,197-3
1701,197-3,197-4
1702,197-4,197-1
1703,197-4,197-2
1704,197-4,197-3
1705,197-4,197-4
1706,199-2,199-2
1707,199-2,199-6
1708,2-3,2-3
1709,2-3,2-4
1710,2-3,2-6
1711,2-3,2-7
1712,2-3,2-8
1713,2-4,2-3
1714,2-4,2-4
1715,2-4,2-6
1716,2-4,2-7
1717,2-4,2-8
1718,2-6,2-3
1719,2-6,2-4
1720,2-6,2-6
1721,2-6,2-7
1722,2-6,2-8
1723,20-1,20-1
1724,20-1,20-2
1725,20-1,20-3
1726,20-1,20-5
1727,20-1,20-6
1728,20-1,20-7
1729,20-1,20-8
1730,20-1,20-12
1731,20-3,20-1
1732,20-3,20-2
1733,20-3,20-3
1734,20-3,20-5
1735,20-3,20-6
1736,20-3,20-7
1737,20-3,20-8
1738,20-3,20-12
1739,20-5,20-1
1740,20-5,20-2
1741,20-5,20-3
1742,20-5,20-5
1743,20-5,20-6
1744,20-5,20-7
1745,20-5,20-8
1746,20-5,20-12
1747,20-6,20-1
1748,20-6,20-2
1749,20-6,20-3
1750,20-6,20-5
1751,20-6,20-6
1752,20-6,20-7
1753,20-6,20-8
1754,20-6,20-12
1755,20-7,20-1
1756,20-7,20-2
1757,20-7,20-3
1758,20-7,20-5
1759,20-7,20-6
1760,20-7,20-7
1761,20-7,20-8
1762,20-7,20-12
1763,20-8,20-1
1764,20-8,20-2
1765,20-8,20-3
1766,20-8,20-5
1767,20-8,20-6
1768,20-8,20-7
1769,20-8,20-8
1770,20-8,20-12
1771,20-12,20-1
1772,20-12,20-2
1773,20-12,20-3
1774,20-12,20-5
1775,20-12,20-6
1776,20-12,20-7
1777,20-12,20-8
1778,20-12,20-12
1779,200-1,200-1
1780,200-9,200-1
1781,200-10,200-1
1782,201-2,201-1
1783,201-2,201-2
1784,201-2,201-3
1785,201-2,201-4
1786,201-2,201-5
1787,201-2,201-6
1788,201-3,201-1
1789,201-3,201-2
1790,201-3,201-3
1791,201-3,201-4
1792,201-3,201-5
1793,201-3,201-6
1794,201-4,201-1
1795,201-4,201-2
1796,201-4,201-3
1797,201-4,201-4
1798,201-4,201-5
1799,201-4,201-6
1800,201-5,201-1
1801,201-5,201-2
1802,201-5,201-3
1803,201-5,201-4
1804,201-5,201-5
1805,201-5,201-6
1806,201-6,201-1
1807,201-6,201-2
1808,201-6,201-3
1809,201-6,201-4
1810,201-6,201-5
1811,201-6,201-6
1812,205-1,205-1
1813,205-1,205-2
1814,205-1,205-3
1815,205-1,205-8
1816,205-1,205-10
1817,205-3,205-1
1818,205-3,205-2
1819,205-3,205-3
1820,205-3,205-8
1821,205-3,205-10
1822,205-4,205-1
1823,205-4,205-2
1824,205-4,205-3
1825,205-4,205-8
1826,205-4,205-10
1827,205-6,205-1
1828,205-6,205-2
1829,205-6,205-3
1830,205-6,205-8
1831,205-6,205-10
1832,205-7,205-1
1833,205-7,205-2
1834,205-7,205-3
1835,205-7,205-8
1836,205-7,205-10
1837,205-8,205-1
1838,205-8,205-2
1839,205-8,205-3
1840,205-8,205-8
1841,205-8,205-10
1842,205-13,205-1
1843,205-13,205-2
1844,205-13,205-3
1845,205-13,205-8
1846,205-13,205-10
1847,206-2,206-2
1848,206-2,206-3
1849,206-2,206-9
1850,206-3,206-2
1851,206-3,206-3
1852,206-3,206-9
1853,206-4,206-2
1854,206-4,206-3
1855,206-4,206-9
1856,206-5,206-2
1857,206-5,206-3
1858,206-5,206-9
1859,206-9,206-2
1860,206-9,206-3
1861,206-9,206-9
1862,207-2,207-1
1863,207-2,207-2
1864,207-2,207-4
1865,207-2,207-6
1866,207-2,207-7
1867,207-2,207-8
1868,207-2,207-10
1869,207-3,207-1
1870,207-3,207-2
1871,207-3,207-4
1872,207-3,207-6
1873,207-3,207-7
1874,207-3,207-8
1875,207-3,207-10
1876,207-4,207-1
1877,207-4,207-2
1878,207-4,207-4
1879,207-4,207-6
1880,207-4,207-7
1881,207-4,207-8
1882,207-4,207-10
1883,207-5,207-1
1884,207-5,207-2
1885,207-5,207-4
1886,207-5,207-6
1887,207-5,207-7
1888,207-5,207-8
1889,207-5,207-10
1890,207-6,207-1
1891,207-6,207-2
1892,207-6,207-4
1893,207-6,207-6
1894,207-6,207-7
1895,207-6,207-8
1896,207-6,207-10
1897,207-7,207-1
1898,207-7,207-2
1899,207-7,207-4
1900,207-7,207-6
1901,207-7,207-7
1902,207-7,207-8
1903,207-7,207-10
1904,207-8,207-1
1905,207-8,207-2
1906,207-8,207-4
1907,207-8,207-6
1908,207-8,207-7
1909,207-8,207-8
1910,207-8,207-10
1911,208-1,208-1
1912,208-1,208-2
1913,208-1,208-8
1914,208-1,208-10
1915,208-1,208-11
1916,208-2,208-1
1917,208-2,208-2
1918,208-2,208-8
1919,208-2,208-10
1920,208-2,208-11
1921,208-7,208-1
1922,208-7,208-2
1923,208-7,208-8
1924,208-7,208-10
1925,208-7,208-11
1926,208-10,208-1
1927,208-10,208-2
1928,208-10,208-8
1929,208-10,208-10
1930,208-10,208-11
1931,208-11,208-1
1932,208-11,208-2
1933,208-11,208-8
1934,208-11,208-10
1935,208-11,208-11
1936,209-1,209-1
1937,209-1,209-2
1938,21-1,21-1
1939,21-1,21-2
1940,21-1,21-3
1941,21-1,21-4
1942,21-1,21-6
1943,21-1,21-8
1944,21-1,21-13
1945,21-2,21-1
1946,21-2,21-2
1947,21-2,21-3
1948,21-2,21-4
1949,21-2,21-6
1950,21-2,21-8
1951,21-2,21-13
1952,21-3,21-1
1953,21-3,21-2
1954,21-3,21-3
1955,21-3,21-4
1956,21-3,21-6
1957,21-3,21-8
1958,21-3,21-13
1959,21-4,21-1
1960,21-4,21-2
1961,21-4,21-3
1962,21-4,21-4
1963,21-4,21-6
1964,21-4,21-8
1965,21-4,21-13
1966,21-5,21-1
1967,21-5,21-2
1968,21-5,21-3
1969,21-5,21-4
1970,21-5,21-6
1971,21-5,21-8
1972,21-5,21-13
1973,21-6,21-1
1974,21-6,21-2
1975,21-6,21-3
1976,21-6,21-4
1977,21-6,21-6
1978,21-6,21-8
1979,21-6,21-13
1980,21-8,21-1
1981,21-8,21-2
1982,21-8,21-3
1983,21-8,21-4
1984,21-8,21-6
1985,21-8,21-8
1986,21-8,21-13
1987,21-11,21-1
1988,21-11,21-2
1989,21-11,21-3
1990,21-11,21-4
1991,21-11,21-6
1992,21-11,21-8
1993,21-11,21-13
1994,21-13,21-1
1995,21-13,21-2
1996,21-13,21-3
1997,21-13,21-4
1998,21-13,21-6
1999,21-13,21-8
2000,21-13,21-13
2001,210-1,210-1
2002,210-1,210-2
2003,210-1,210-3
2004,210-1,210-4
2005,210-1,210-5
2006,210-1,210-6
2007,210-1,210-12
2008,210-2,210-1
2009,210-2,210-2
2010,210-2,210-3
2011,210-2,210-4
2012,210-2,210-5
2013,210-2,210-6
2014,210-2,210-12
2015,210-3,210-1
2016,210-3,210-2
2017,210-3,210-3
2018,210-3,210-4
2019,210-3,210-5
2020,210-3,210-6
2021,210-3,210-12
2022,210-5,210-1
2023,210-5,210-2
2024,210-5,210-3
2025,210-5,210-4
2026,210-5,210-5
2027,210-5,210-6
2028,210-5,210-12
2029,211-3,211-1
2030,211-3,211-3
2031,211-3,211-4
2032,211-3,211-5
2033,211-3,211-9
2034,211-6,211-1
2035,211-6,211-3
2036,211-6,211-4
2037,211-6,211-5
2038,211-6,211-9
2039,211-7,211-1
2040,211-7,211-3
2041,211-7,211-4
2042,211-7,211-5
2043,211-7,211-9
2044,211-9,211-1
2045,211-9,211-3
2046,211-9,211-4
2047,211-9,211-5
2048,211-9,211-9
2049,212-1,212-5
2050,212-5,212-5
2051,212-6,212-5
2052,212-7,212-5
2053,213-2,213-1
2054,213-2,213-2
2055,213-2,213-3
2056,214-7,214-6
2057,216-8,216-5
2058,218-2,218-1
2059,218-2,218-2
2060,218-2,218-3
2061,218-3,218-1
2062,218-3,218-2
2063,218-3,218-3
2064,219-1,219-1
2065,219-1,219-3
2066,219-1,219-4
2067,219-1,219-5
2068,219-1,219-7
2069,219-3,219-1
2070,219-3,219-3
2071,219-3,219-4
2072,219-3,219-5
2073,219-3,219-7
2074,219-4,219-1
2075,219-4,219-3
2076,219-4,219-4
2077,219-4,219-5
2078,219-4,219-7
2079,219-5,219-1
2080,219-5,219-3
2081,219-5,219-4
2082,219-5,219-5
2083,219-5,219-7
2084,219-7,219-1
2085,219-7,219-3
2086,219-7,219-4
2087,219-7,219-5
2088,219-7,219-7
2089,22-1,22-1
2090,22-1,22-2
2091,22-1,22-5
2092,22-2,22-1
2093,22-2,22-2
2094,22-2,22-5
2095,22-3,22-1
2096,22-3,22-2
2097,22-3,22-5
2098,220-2,220-2
2099,220-2,220-4
2100,220-2,220-5
2101,220-2,220-10
2102,220-3,220-2
2103,220-3,220-4
2104,220-3,220-5
2105,220-3,220-10
2106,220-4,220-2
2107,220-4,220-4
2108,220-4,220-5
2109,220-4,220-10
2110,220-5,220-2
2111,220-5,220-4
2112,220-5,220-5
2113,220-5,220-10
2114,221-4,221-4
2115,221-4,221-5
2116,221-5,221-4
2117,221-5,221-5
2118,221-8,221-4
2119,221-8,221-5
2120,222-3,222-3
2121,222-3,222-10
2122,223-2,223-2
2123,223-2,223-4
2124,223-2,223-10
2125,223-4,223-2
2126,223-4,223-4
2127,223-4,223-10
2128,223-10,223-2
2129,223-10,223-4
2130,223-10,223-10
2131,225-1,225-1
2132,225-1,225-4
2133,225-1,225-7
2134,225-1,225-9
2135,225-4,225-1
2136,225-4,225-4
2137,225-4,225-7
2138,225-4,225-9
2139,225-5,225-1
2140,225-5,225-4
2141,225-5,225-7
2142,225-5,225-9
2143,226-1,226-1
2144,226-2,226-1
2145,226-6,226-1
2146,228-1,228-1
2147,228-3,228-1
2148,228-5,228-1
2149,229-1,229-1
2150,229-1,229-6
2151,229-6,229-1
2152,229-6,229-6
2153,23-1,23-1
2154,23-1,23-2
2155,23-2,23-1
2156,23-2,23-2
2157,23-6,23-1
2158,23-6,23-2
2159,230-1,230-1
2160,230-1,230-2
2161,230-1,230-7
2162,230-2,230-1
2163,230-2,230-2
2164,230-2,230-7
2165,230-6,230-1
2166,230-6,230-2
2167,230-6,230-7
2168,231-1,231-1
2169,231-1,231-2
2170,231-3,231-1
2171,231-3,231-2
2172,232-2,232-2
2173,233-1,233-1
2174,233-1,233-2
2175,233-1,233-3
2176,233-2,233-1
2177,233-2,233-2
2178,233-2,233-3
2179,233-3,233-1
2180,233-3,233-2
2181,233-3,233-3
2182,237-1,237-1
2183,237-1,237-2
2184,237-1,237-3
2185,237-1,237-4
2186,237-1,237-10
2187,237-2,237-1
2188,237-2,237-2
2189,237-2,237-3
2190,237-2,237-4
2191,237-2,237-10
2192,237-3,237-1
2193,237-3,237-2
2194,237-3,237-3
2195,237-3,237-4
2196,237-3,237-10
2197,237-11,237-1
2198,237-11,237-2
2199,237-11,237-3
2200,237-11,237-4
2201,237-11,237-10
2202,238-4,238-2
2203,238-4,238-3
2204,238-4,238-4
2205,238-7,238-2
2206,238-7,238-3
2207,238-7,238-4
2208,239-1,239-1
2209,239-4,239-1
2210,239-8,239-1
2211,239-9,239-1
2212,240-5,240-5
2213,240-5,240-8
2214,240-5,240-9
2215,241-4,241-3
2216,241-4,241-4
2217,241-4,241-5
2218,241-4,241-6
2219,241-4,241-7
2220,241-4,241-8
2221,241-4,241-9
2222,241-4,241-10
2223,241-4,241-11
2224,245-1,245-1
2225,245-1,245-2
2226,245-1,245-3
2227,245-1,245-4
2228,245-1,245-8
2229,245-3,245-1
2230,245-3,245-2
2231,245-3,245-3
2232,245-3,245-4
2233,245-3,245-8
2234,245-4,245-1
2235,245-4,245-2
2236,245-4,245-3
2237,245-4,245-4
2238,245-4,245-8
2239,245-7,245-1
2240,245-7,245-2
2241,245-7,245-3
2242,245-7,245-4
2243,245-7,245-8
2244,245-8,245-1
2245,245-8,245-2
2246,245-8,245-3
2247,245-8,245-4
2248,245-8,245-8
2249,247-1,247-1
2250,25-1,25-1
2251,25-6,25-1
2252,251-3,251-3
2253,251-3,251-4
2254,251-3,251-5
2255,251-3,251-7
2256,251-3,251-8
2257,251-4,251-3
2258,251-4,251-4
2259,251-4,251-5
2260,251-4,251-7
2261,251-4,251-8
2262,251-5,251-3
2263,251-5,251-4
2264,251-5,251-5
2265,251-5,251-7
2266,251-5,251-8
2267,251-7,251-3
2268,251-7,251-4
2269,251-7,251-5
2270,251-7,251-7
2271,251-7,251-8
2272,251-8,251-3
2273,251-8,251-4
2274,251-8,251-5
2275,251-8,251-7
2276,251-8,251-8
2277,252-1,252-4
2278,252-4,252-4
2279,252-5,252-4
2280,253-1,253-1
2281,253-1,253-2
2282,253-1,253-4
2283,253-3,253-1
2284,253-3,253-2
2285,253-3,253-4
2286,254-1,254-1
2287,254-1,254-7
2288,254-2,254-1
2289,254-2,254-7
2290,254-3,254-1
2291,254-3,254-7
2292,254-5,254-1
2293,254-5,254-7
2294,254-6,254-1
2295,254-6,254-7
2296,255-1,255-1
2297,255-1,255-2
2298,255-1,255-3
2299,255-1,255-4
2300,255-1,255-8
2301,255-1,255-9
2302,255-1,255-10
2303,255-2,255-1
2304,255-2,255-2
2305,255-2,255-3
2306,255-2,255-4
2307,255-2,255-8
2308,255-2,255-9
2309,255-2,255-10
2310,255-3,255-1
2311,255-3,255-2
2312,255-3,255-3
2313,255-3,255-4
2314,255-3,255-8
2315,255-3,255-9
2316,255-3,255-10
2317,255-4,255-1
2318,255-4,255-2
2319,255-4,255-3
2320,255-4,255-4
2321,255-4,255-8
2322,255-4,255-9
2323,255-4,255-10
2324,255-6,255-1
2325,255-6,255-2
2326,255-6,255-3
2327,255-6,255-4
2328,255-6,255-8
2329,255-6,255-9
2330,255-6,255-10
2331,255-7,255-1
2332,255-7,255-2
2333,255-7,255-3
2334,255-7,255-4
2335,255-7,255-8
2336,255-7,255-9
2337,255-7,255-10
2338,255-8,255-1
2339,255-8,255-2
2340,255-8,255-3
2341,255-8,255-4
2342,255-8,255-8
2343,255-8,255-9
2344,255-8,255-10
2345,255-9,255-1
2346,255-9,255-2
2347,255-9,255-3
2348,255-9,255-4
2349,255-9,255-8
2350,255-9,255-9
2351,255-9,255-10
2352,258-3,258-3
2353,26-1,26-1
2354,26-1,26-2
2355,26-2,26-1
2356,26-2,26-2
2357,261-1,261-1
2358,261-1,261-2
2359,261-1,261-3
2360,261-1,261-4
2361,261-1,261-8
2362,261-1,261-10
2363,261-1,261-11
2364,261-1,261-12
2365,261-1,261-13
2366,261-3,261-1
2367,261-3,261-2
2368,261-3,261-3
2369,261-3,261-4
2370,261-3,261-8
2371,261-3,261-10
2372,261-3,261-11
2373,261-3,261-12
2374,261-3,261-13
2375,261-4,261-1
2376,261-4,261-2
2377,261-4,261-3
2378,261-4,261-4
2379,261-4,261-8
2380,261-4,261-10
2381,261-4,261-11
2382,261-4,261-12
2383,261-4,261-13
2384,261-5,261-1
2385,261-5,261-2
2386,261-5,261-3
2387,261-5,261-4
2388,261-5,261-8
2389,261-5,261-10
2390,261-5,261-11
2391,261-5,261-12
2392,261-5,261-13
2393,261-8,261-1
2394,261-8,261-2
2395,261-8,261-3
2396,261-8,261-4
2397,261-8,261-8
2398,261-8,261-10
2399,261-8,261-11
2400,261-8,261-12
2401,261-8,261-13
2402,261-12,261-1
2403,261-12,261-2
2404,261-12,261-3
2405,261-12,261-4
2406,261-12,261-8
2407,261-12,261-10
2408,261-12,261-11
2409,261-12,261-12
2410,261-12,261-13
2411,262-3,262-3
2412,262-3,262-4
2413,262-3,262-7
2414,262-4,262-3
2415,262-4,262-4
2416,262-4,262-7
2417,262-5,262-3
2418,262-5,262-4
2419,262-5,262-7
2420,262-7,262-3
2421,262-7,262-4
2422,262-7,262-7
2423,263-2,263-2
2424,263-2,263-4
2425,263-4,263-2
2426,263-4,263-4
2427,263-5,263-2
2428,263-5,263-4
2429,264-4,264-3
2430,264-4,264-4
2431,264-4,264-5
2432,264-4,264-6
2433,264-4,264-7
2434,264-4,264-11
2435,264-6,264-3
2436,264-6,264-4
2437,264-6,264-5
2438,264-6,264-6
2439,264-6,264-7
2440,264-6,264-11
2441,265-1,265-1
2442,266-1,266-1
2443,266-1,266-4
2444,266-1,266-5
2445,266-1,266-7
2446,266-3,266-1
2447,266-3,266-4
2448,266-3,266-5
2449,266-3,266-7
2450,267-1,267-1
2451,267-1,267-3
2452,267-1,267-4
2453,267-1,267-5
2454,267-1,267-6
2455,267-1,267-8
2456,267-3,267-1
2457,267-3,267-3
2458,267-3,267-4
2459,267-3,267-5
2460,267-3,267-6
2461,267-3,267-8
2462,267-4,267-1
2463,267-4,267-3
2464,267-4,267-4
2465,267-4,267-5
2466,267-4,267-6
2467,267-4,267-8
2468,267-5,267-1
2469,267-5,267-3
2470,267-5,267-4
2471,267-5,267-5
2472,267-5,267-6
2473,267-5,267-8
2474,267-6,267-1
2475,267-6,267-3
2476,267-6,267-4
2477,267-6,267-5
2478,267-6,267-6
2479,267-6,267-8
2480,267-7,267-1
2481,267-7,267-3
2482,267-7,267-4
2483,267-7,267-5
2484,267-7,267-6
2485,267-7,267-8
2486,267-8,267-1
2487,267-8,267-3
2488,267-8,267-4
2489,267-8,267-5
2490,267-8,267-6
2491,267-8,267-8
2492,268-3,268-1
2493,268-3,268-3
2494,268-3,268-5
2495,268-3,268-6
2496,268-3,268-7
2497,268-3,268-8
2498,268-3,268-9
2499,268-3,268-10
2500,268-5,268-1
2501,268-5,268-3
2502,268-5,268-5
2503,268-5,268-6
2504,268-5,268-7
2505,268-5,268-8
2506,268-5,268-9
2507,268-5,268-10
2508,268-6,268-1
2509,268-6,268-3
2510,268-6,268-5
2511,268-6,268-6
2512,268-6,268-7
2513,268-6,268-8
2514,268-6,268-9
2515,268-6,268-10
2516,268-7,268-1
2517,268-7,268-3
2518,268-7,268-5
2519,268-7,268-6
2520,268-7,268-7
2521,268-7,268-8
2522,268-7,268-9
2523,268-7,268-10
2524,268-8,268-1
2525,268-8,268-3
2526,268-8,268-5
2527,268-8,268-6
2528,268-8,268-7
2529,268-8,268-8
2530,268-8,268-9
2531,268-8,268-10
2532,268-9,268-1
2533,268-9,268-3
2534,268-9,268-5
2535,268-9,268-6
2536,268-9,268-7
2537,268-9,268-8
2538,268-9,268-9
2539,268-9,268-10
2540,268-10,268-1
2541,268-10,268-3
2542,268-10,268-5
2543,268-10,268-6
2544,268-10,268-7
2545,268-10,268-8
2546,268-10,268-9
2547,268-10,268-10
2548,269-1,269-1
2549,269-1,269-2
2550,269-1,269-3
2551,269-1,269-4
2552,269-1,269-5
2553,269-1,269-6
2554,269-1,269-7
2555,269-1,269-8
2556,269-1,269-9
2557,269-3,269-1
2558,269-3,269-2
2559,269-3,269-3
2560,269-3,269-4
2561,269-3,269-5
2562,269-3,269-6
2563,269-3,269-7
2564,269-3,269-8
2565,269-3,269-9
2566,269-4,269-1
2567,269-4,269-2
2568,269-4,269-3
2569,269-4,269-4
2570,269-4,269-5
2571,269-4,269-6
2572,269-4,269-7
2573,269-4,269-8
2574,269-4,269-9
2575,269-5,269-1
2576,269-5,269-2
2577,269-5,269-3
2578,269-5,269-4
2579,269-5,269-5
2580,269-5,269-6
2581,269-5,269-7
2582,269-5,269-8
2583,269-5,269-9
2584,269-8,269-1
2585,269-8,269-2
2586,269-8,269-3
2587,269-8,269-4
2588,269-8,269-5
2589,269-8,269-6
2590,269-8,269-7
2591,269-8,269-8
2592,269-8,269-9
2593,269-9,269-1
2594,269-9,269-2
2595,269-9,269-3
2596,269-9,269-4
2597,269-9,269-5
2598,269-9,269-6
2599,269-9,269-7
2600,269-9,269-8
2601,269-9,269-9
2602,27-3,27-2
2603,27-3,27-3
2604,27-5,27-2
2605,27-5,27-3
2606,271-2,271-2
2607,271-2,271-3
2608,271-2,271-8
2609,271-2,271-11
2610,271-3,271-2
2611,271-3,271-3
2612,271-3,271-8
2613,271-3,271-11
2614,271-4,271-2
2615,271-4,271-3
2616,271-4,271-8
2617,271-4,271-11
2618,271-7,271-2
2619,271-7,271-3
2620,271-7,271-8
2621,271-7,271-11
2622,271-8,271-2
2623,271-8,271-3
2624,271-8,271-8
2625,271-8,271-11
2626,271-11,271-2
2627,271-11,271-3
2628,271-11,271-8
2629,271-11,271-11
2630,272-2,272-1
2631,272-2,272-2
2632,272-2,272-4
2633,272-2,272-12
2634,272-3,272-1
2635,272-3,272-2
2636,272-3,272-4
2637,272-3,272-12
2638,272-12,272-1
2639,272-12,272-2
2640,272-12,272-4
2641,272-12,272-12
2642,273-1,273-1
2643,273-1,273-3
2644,273-1,273-11
2645,273-2,273-1
2646,273-2,273-3
2647,273-2,273-11
2648,273-3,273-1
2649,273-3,273-3
2650,273-3,273-11
2651,273-4,273-1
2652,273-4,273-3
2653,273-4,273-11
2654,273-7,273-1
2655,273-7,273-3
2656,273-7,273-11
2657,273-11,273-1
2658,273-11,273-3
2659,273-11,273-11
2660,274-2,274-2
2661,274-2,274-4
2662,274-2,274-5
2663,274-2,274-11
2664,274-3,274-2
2665,274-3,274-4
2666,274-3,274-5
2667,274-3,274-11
2668,274-4,274-2
2669,274-4,274-4
2670,274-4,274-5
2671,274-4,274-11
2672,274-11,274-2
2673,274-11,274-4
2674,274-11,274-5
2675,274-11,274-11
2676,275-3,275-3
2677,276-3,276-3
2678,276-3,276-4
2679,276-3,276-6
2680,276-3,276-7
2681,276-3,276-10
2682,276-3,276-11
2683,276-3,276-13
2684,276-3,276-15
2685,276-4,276-3
2686,276-4,276-4
2687,276-4,276-6
2688,276-4,276-7
2689,276-4,276-10
2690,276-4,276-11
2691,276-4,276-13
2692,276-4,276-15
2693,276-6,276-3
2694,276-6,276-4
2695,276-6,276-6
2696,276-6,276-7
2697,276-6,276-10
2698,276-6,276-11
2699,276-6,276-13
2700,276-6,276-15
2701,276-7,276-3
2702,276-7,276-4
2703,276-7,276-6
2704,276-7,276-7
2705,276-7,276-10
2706,276-7,276-11
2707,276-7,276-13
2708,276-7,276-15
2709,276-8,276-3
2710,276-8,276-4
2711,276-8,276-6
2712,276-8,276-7
2713,276-8,276-10
2714,276-8,276-11
2715,276-8,276-13
2716,276-8,276-15
2717,276-10,276-3
2718,276-10,276-4
2719,276-10,276-6
2720,276-10,276-7
2721,276-10,276-10
2722,276-10,276-11
2723,276-10,276-13
2724,276-10,276-15
2725,276-12,276-3
2726,276-12,276-4
2727,276-12,276-6
2728,276-12,276-7
2729,276-12,276-10
2730,276-12,276-11
2731,276-12,276-13
2732,276-12,276-15
2733,276-13,276-3
2734,276-13,276-4
2735,276-13,276-6
2736,276-13,276-7
2737,276-13,276-10
2738,276-13,276-11
2739,276-13,276-13
2740,276-13,276-15
2741,276-15,276-3
2742,276-15,276-4
2743,276-15,276-6
2744,276-15,276-7
2745,276-15,276-10
2746,276-15,276-11
2747,276-15,276-13
2748,276-15,276-15
2749,277-3,277-3
2750,277-3,277-4
2751,277-3,277-12
2752,277-4,277-3
2753,277-4,277-4
2754,277-4,277-12
2755,277-12,277-3
2756,277-12,277-4
2757,277-12,277-12
2758,278-2,278-2
2759,278-2,278-4
2760,278-2,278-6
2761,278-2,278-8
2762,278-2,278-9
2763,278-2,278-10
2764,278-2,278-13
2765,278-4,278-2
2766,278-4,278-4
2767,278-4,278-6
2768,278-4,278-8
2769,278-4,278-9
2770,278-4,278-10
2771,278-4,278-13
2772,278-6,278-2
2773,278-6,278-4
2774,278-6,278-6
2775,278-6,278-8
2776,278-6,278-9
2777,278-6,278-10
2778,278-6,278-13
2779,279-2,279-2
2780,279-2,279-3
2781,279-2,279-4
2782,279-2,279-5
2783,279-2,279-10
2784,279-2,279-11
2785,279-2,279-12
2786,279-4,279-2
2787,279-4,279-3
2788,279-4,279-4
2789,279-4,279-5
2790,279-4,279-10
2791,279-4,279-11
2792,279-4,279-12
2793,28-1,28-1
2794,28-4,28-1
2795,280-1,280-1
2796,280-1,280-2
2797,280-1,280-5
2798,280-1,280-6
2799,280-1,280-7
2800,280-1,280-8
2801,280-1,280-11
2802,280-1,280-13
2803,280-2,280-1
2804,280-2,280-2
2805,280-2,280-5
2806,280-2,280-6
2807,280-2,280-7
2808,280-2,280-8
2809,280-2,280-11
2810,280-2,280-13
2811,280-5,280-1
2812,280-5,280-2
2813,280-5,280-5
2814,280-5,280-6
2815,280-5,280-7
2816,280-5,280-8
2817,280-5,280-11
2818,280-5,280-13
2819,280-6,280-1
2820,280-6,280-2
2821,280-6,280-5
2822,280-6,280-6
2823,280-6,280-7
2824,280-6,280-8
2825,280-6,280-11
2826,280-6,280-13
2827,280-7,280-1
2828,280-7,280-2
2829,280-7,280-5
2830,280-7,280-6
2831,280-7,280-7
2832,280-7,280-8
2833,280-7,280-11
2834,280-7,280-13
2835,281-2,281-2
2836,281-2,281-4
2837,281-2,281-5
2838,281-2,281-6
2839,281-2,281-8
2840,281-2,281-9
2841,282-1,282-2
2842,282-1,282-4
2843,282-1,282-5
2844,282-1,282-6
2845,282-1,282-8
2846,282-1,282-10
2847,282-1,282-11
2848,282-2,282-2
2849,282-2,282-4
2850,282-2,282-5
2851,282-2,282-6
2852,282-2,282-8
2853,282-2,282-10
2854,282-2,282-11
2855,282-3,282-2
2856,282-3,282-4
2857,282-3,282-5
2858,282-3,282-6
2859,282-3,282-8
2860,282-3,282-10
2861,282-3,282-11
2862,282-4,282-2
2863,282-4,282-4
2864,282-4,282-5
2865,282-4,282-6
2866,282-4,282-8
2867,282-4,282-10
2868,282-4,282-11
2869,282-5,282-2
2870,282-5,282-4
2871,282-5,282-5
2872,282-5,282-6
2873,282-5,282-8
2874,282-5,282-10
2875,282-5,282-11
2876,282-6,282-2
2877,282-6,282-4
2878,282-6,282-5
2879,282-6,282-6
2880,282-6,282-8
2881,282-6,282-10
2882,282-6,282-11
2883,282-7,282-2
2884,282-7,282-4
2885,282-7,282-5
2886,282-7,282-6
2887,282-7,282-8
2888,282-7,282-10
2889,282-7,282-11
2890,282-8,282-2
2891,282-8,282-4
2892,282-8,282-5
2893,282-8,282-6
2894,282-8,282-8
2895,282-8,282-10
2896,282-8,282-11
2897,282-9,282-2
2898,282-9,282-4
2899,282-9,282-5
2900,282-9,282-6
2901,282-9,282-8
2902,282-9,282-10
2903,282-9,282-11
2904,282-10,282-2
2905,282-10,282-4
2906,282-10,282-5
2907,282-10,282-6
2908,282-10,282-8
2909,282-10,282-10
2910,282-10,282-11
2911,282-11,282-2
2912,282-11,282-4
2913,282-11,282-5
2914,282-11,282-6
2915,282-11,282-8
2916,282-11,282-10
2917,282-11,282-11
2918,283-2,283-2
2919,283-4,283-2
2920,283-5,283-2
2921,284-1,284-2
2922,284-1,284-3
2923,284-1,284-7
2924,284-1,284-8
2925,284-1,284-15
2926,284-2,284-2
2927,284-2,284-3
2928,284-2,284-7
2929,284-2,284-8
2930,284-2,284-15
2931,284-3,284-2
2932,284-3,284-3
2933,284-3,284-7
2934,284-3,284-8
2935,284-3,284-15
2936,284-4,284-2
2937,284-4,284-3
2938,284-4,284-7
2939,284-4,284-8
2940,284-4,284-15
2941,284-5,284-2
2942,284-5,284-3
2943,284-5,284-7
2944,284-5,284-8
2945,284-5,284-15
2946,284-7,284-2
2947,284-7,284-3
2948,284-7,284-7
2949,284-7,284-8
2950,284-7,284-15
2951,284-8,284-2
2952,284-8,284-3
2953,284-8,284-7
2954,284-8,284-8
2955,284-8,284-15
2956,284-11,284-2
2957,284-11,284-3
2958,284-11,284-7
2959,284-11,284-8
2960,284-11,284-15
2961,284-16,284-2
2962,284-16,284-3
2963,284-16,284-7
2964,284-16,284-8
2965,284-16,284-15
2966,284-17,284-2
2967,284-17,284-3
2968,284-17,284-7
2969,284-17,284-8
2970,284-17,284-15
2971,285-1,285-1
2972,285-1,285-2
2973,285-2,285-1
2974,285-2,285-2
2975,285-4,285-1
2976,285-4,285-2
2977,286-1,286-1
2978,286-1,286-3
2979,286-3,286-1
2980,286-3,286-3
2981,288-2,288-2
2982,288-2,288-8
2983,288-2,288-9
2984,288-8,288-2
2985,288-8,288-8
2986,288-8,288-9
2987,288-9,288-2
2988,288-9,288-8
2989,288-9,288-9
2990,289-2,289-1
2991,289-2,289-2
2992,289-2,289-3
2993,289-3,289-1
2994,289-3,289-2
2995,289-3,289-3
2996,289-5,289-1
2997,289-5,289-2
2998,289-5,289-3
2999,289-6,289-1
3000,289-6,289-2
3001,289-6,289-3
3002,289-9,289-1
3003,289-9,289-2
3004,289-9,289-3
3005,29-3,29-2
3006,29-3,29-3
3007,29-3,29-5
3008,29-3,29-6
3009,29-5,29-2
3010,29-5,29-3
3011,29-5,29-5
3012,29-5,29-6
3013,290-2,290-1
3014,290-2,290-2
3015,290-2,290-4
3016,290-2,290-5
3017,290-2,290-6
3018,290-2,290-7
3019,290-4,290-1
3020,290-4,290-2
3021,290-4,290-4
3022,290-4,290-5
3023,290-4,290-6
3024,290-4,290-7
3025,290-5,290-1
3026,290-5,290-2
3027,290-5,290-4
3028,290-5,290-5
3029,290-5,290-6
3030,290-5,290-7
3031,290-6,290-1
3032,290-6,290-2
3033,290-6,290-4
3034,290-6,290-5
3035,290-6,290-6
3036,290-6,290-7
3037,290-7,290-1
3038,290-7,290-2
3039,290-7,290-4
3040,290-7,290-5
3041,290-7,290-6
3042,290-7,290-7
3043,291-2,291-1
3044,291-2,291-3
3045,291-2,291-5
3046,291-2,291-11
3047,291-2,291-12
3048,291-4,291-1
3049,291-4,291-3
3050,291-4,291-5
3051,291-4,291-11
3052,291-4,291-12
3053,291-5,291-1
3054,291-5,291-3
3055,291-5,291-5
3056,291-5,291-11
3057,291-5,291-12
3058,291-6,291-1
3059,291-6,291-3
3060,291-6,291-5
3061,291-6,291-11
3062,291-6,291-12
3063,291-8,291-1
3064,291-8,291-3
3065,291-8,291-5
3066,291-8,291-11
3067,291-8,291-12
3068,291-9,291-1
3069,291-9,291-3
3070,291-9,291-5
3071,291-9,291-11
3072,291-9,291-12
3073,291-11,291-1
3074,291-11,291-3
3075,291-11,291-5
3076,291-11,291-11
3077,291-11,291-12
3078,292-1,292-9
3079,292-9,292-9
3080,293-2,293-1
3081,293-2,293-2
3082,293-2,293-3
3083,293-2,293-5
3084,293-2,293-6
3085,293-2,293-7
3086,293-3,293-1
3087,293-3,293-2
3088,293-3,293-3
3089,293-3,293-5
3090,293-3,293-6
3091,293-3,293-7
3092,293-5,293-1
3093,293-5,293-2
3094,293-5,293-3
3095,293-5,293-5
3096,293-5,293-6
3097,293-5,293-7
3098,293-6,293-1
3099,293-6,293-2
3100,293-6,293-3
3101,293-6,293-5
3102,293-6,293-6
3103,293-6,293-7
3104,293-7,293-1
3105,293-7,293-2
3106,293-7,293-3
3107,293-7,293-5
3108,293-7,293-6
3109,293-7,293-7
3110,294-2,294-2
3111,294-2,294-3
3112,294-2,294-4
3113,294-2,294-5
3114,294-3,294-2
3115,294-3,294-3
3116,294-3,294-4
3117,294-3,294-5
3118,295-5,295-2
3119,295-5,295-3
3120,295-5,295-5
3121,295-5,295-12
3122,296-6,296-6
3123,297-2,297-1
3124,297-2,297-2
3125,297-2,297-3
3126,297-3,297-1
3127,297-3,297-2
3128,297-3,297-3
3129,298-1,298-1
3130,298-1,298-2
3131,298-1,298-3
3132,298-1,298-5
3133,298-1,298-6
3134,298-1,298-7
3135,298-1,298-8
3136,298-1,298-10
3137,298-1,298-11
3138,298-1,298-12
3139,298-1,298-14
3140,298-2,298-1
3141,298-2,298-2
3142,298-2,298-3
3143,298-2,298-5
3144,298-2,298-6
3145,298-2,298-7
3146,298-2,298-8
3147,298-2,298-10
3148,298-2,298-11
3149,298-2,298-12
3150,298-2,298-14
3151,298-3,298-1
3152,298-3,298-2
3153,298-3,298-3
3154,298-3,298-5
3155,298-3,298-6
3156,298-3,298-7
3157,298-3,298-8
3158,298-3,298-10
3159,298-3,298-11
3160,298-3,298-12
3161,298-3,298-14
3162,298-5,298-1
3163,298-5,298-2
3164,298-5,298-3
3165,298-5,298-5
3166,298-5,298-6
3167,298-5,298-7
3168,298-5,298-8
3169,298-5,298-10
3170,298-5,298-11
3171,298-5,298-12
3172,298-5,298-14
3173,298-7,298-1
3174,298-7,298-2
3175,298-7,298-3
3176,298-7,298-5
3177,298-7,298-6
3178,298-7,298-7
3179,298-7,298-8
3180,298-7,298-10
3181,298-7,298-11
3182,298-7,298-12
3183,298-7,298-14
3184,298-8,298-1
3185,298-8,298-2
3186,298-8,298-3
3187,298-8,298-5
3188,298-8,298-6
3189,298-8,298-7
3190,298-8,298-8
3191,298-8,298-10
3192,298-8,298-11
3193,298-8,298-12
3194,298-8,298-14
3195,298-9,298-1
3196,298-9,298-2
3197,298-9,298-3
3198,298-9,298-5
3199,298-9,298-6
3200,298-9,298-7
3201,298-9,298-8
3202,298-9,298-10
3203,298-9,298-11
3204,298-9,298-12
3205,298-9,298-14
3206,298-10,298-1
3207,298-10,298-2
3208,298-10,298-3
3209,298-10,298-5
3210,298-10,298-6
3211,298-10,298-7
3212,298-10,298-8
3213,298-10,298-10
3214,298-10,298-11
3215,298-10,298-12
3216,298-10,298-14
3217,298-11,298-1
3218,298-11,298-2
3219,298-11,298-3
3220,298-11,298-5
3221,298-11,298-6
3222,298-11,298-7
3223,298-11,298-8
3224,298-11,298-10
3225,298-11,298-11
3226,298-11,298-12
3227,298-11,298-14
3228,298-12,298-1
3229,298-12,298-2
3230,298-12,298-3
3231,298-12,298-5
3232,298-12,298-6
3233,298-12,298-7
3234,298-12,298-8
3235,298-12,298-10
3236,298-12,298-11
3237,298-12,298-12
3238,298-12,298-14
3239,298-13,298-1
3240,298-13,298-2
3241,298-13,298-3
3242,298-13,298-5
3243,298-13,298-6
3244,298-13,298-7
3245,298-13,298-8
3246,298-13,298-10
3247,298-13,298-11
3248,298-13,298-12
3249,298-13,298-14
3250,298-14,298-1
3251,298-14,298-2
3252,298-14,298-3
3253,298-14,298-5
3254,298-14,298-6
3255,298-14,298-7
3256,298-14,298-8
3257,298-14,298-10
3258,298-14,298-11
3259,298-14,298-12
3260,298-14,298-14
3261,299-2,299-2
3262,299-2,299-3
3263,299-2,299-4
3264,299-2,299-5
3265,299-2,299-8
3266,299-2,299-9
3267,299-3,299-2
3268,299-3,299-3
3269,299-3,299-4
3270,299-3,299-5
3271,299-3,299-8
3272,299-3,299-9
3273,299-5,299-2
3274,299-5,299-3
3275,299-5,299-4
3276,299-5,299-5
3277,299-5,299-8
3278,299-5,299-9
3279,299-6,299-2
3280,299-6,299-3
3281,299-6,299-4
3282,299-6,299-5
3283,299-6,299-8
3284,299-6,299-9
3285,299-8,299-2
3286,299-8,299-3
3287,299-8,299-4
3288,299-8,299-5
3289,299-8,299-8
3290,299-8,299-9
3291,299-9,299-2
3292,299-9,299-3
3293,299-9,299-4
3294,299-9,299-5
3295,299-9,299-8
3296,299-9,299-9
3297,30-1,30-1
3298,30-1,30-3
3299,30-1,30-6
3300,30-2,30-1
3301,30-2,30-3
3302,30-2,30-6
3303,30-3,30-1
3304,30-3,30-3
3305,30-3,30-6
3306,30-6,30-1
3307,30-6,30-3
3308,30-6,30-6
3309,30-10,30-1
3310,30-10,30-3
3311,30-10,30-6
3312,300-11,300-3
3313,300-11,300-4
3314,300-11,300-5
3315,300-11,300-6
3316,300-11,300-11
3317,300-11,300-12
3318,300-11,300-14
3319,300-11,300-15
3320,300-11,300-17
3321,300-12,300-3
3322,300-12,300-4
3323,300-12,300-5
3324,300-12,300-6
3325,300-12,300-11
3326,300-12,300-12
3327,300-12,300-14
3328,300-12,300-15
3329,300-12,300-17
3330,301-1,301-2
3331,301-1,301-3
3332,301-2,301-2
3333,301-2,301-3
3334,301-3,301-2
3335,301-3,301-3
3336,302-1,302-1
3337,302-1,302-2
3338,302-1,302-3
3339,302-1,302-8
3340,302-2,302-1
3341,302-2,302-2
3342,302-2,302-3
3343,302-2,302-8
3344,302-3,302-1
3345,302-3,302-2
3346,302-3,302-3
3347,302-3,302-8
3348,302-8,302-1
3349,302-8,302-2
3350,302-8,302-3
3351,302-8,302-8
3352,302-9,302-1
3353,302-9,302-2
3354,302-9,302-3
3355,302-9,302-8
3356,303-1,303-1
3357,305-1,305-1
3358,305-1,305-2
3359,305-1,305-4
3360,306-1,306-1
3361,306-1,306-5
3362,306-1,306-10
3363,306-1,306-11
3364,306-2,306-1
3365,306-2,306-5
3366,306-2,306-10
3367,306-2,306-11
3368,306-5,306-1
3369,306-5,306-5
3370,306-5,306-10
3371,306-5,306-11
3372,306-7,306-1
3373,306-7,306-5
3374,306-7,306-10
3375,306-7,306-11
3376,307-1,307-1
3377,307-3,307-1
3378,308-1,308-1
3379,308-1,308-4
3380,308-4,308-1
3381,308-4,308-4
3382,308-8,308-1
3383,308-8,308-4
3384,309-3,309-3
3385,309-3,309-4
3386,309-4,309-3
3387,309-4,309-4
3388,31-1,31-1
3389,31-1,31-4
3390,31-1,31-5
3391,31-1,31-7
3392,31-1,31-8
3393,31-1,31-10
3394,31-4,31-1
3395,31-4,31-4
3396,31-4,31-5
3397,31-4,31-7
3398,31-4,31-8
3399,31-4,31-10
3400,31-7,31-1
3401,31-7,31-4
3402,31-7,31-5
3403,31-7,31-7
3404,31-7,31-8
3405,31-7,31-10
3406,31-8,31-1
3407,31-8,31-4
3408,31-8,31-5
3409,31-8,31-7
3410,31-8,31-8
3411,31-8,31-10
3412,310-1,310-1
3413,310-1,310-2
3414,310-1,310-3
3415,310-1,310-5
3416,310-1,310-13
3417,310-2,310-1
3418,310-2,310-2
3419,310-2,310-3
3420,310-2,310-5
3421,310-2,310-13
3422,310-4,310-1
3423,310-4,310-2
3424,310-4,310-3
3425,310-4,310-5
3426,310-4,310-13
3427,310-7,310-1
3428,310-7,310-2
3429,310-7,310-3
3430,310-7,310-5
3431,310-7,310-13
3432,310-8,310-1
3433,310-8,310-2
3434,310-8,310-3
3435,310-8,310-5
3436,310-8,310-13
3437,311-3,311-3
3438,311-3,311-4
3439,311-3,311-5
3440,311-3,311-7
3441,311-3,311-8
3442,311-4,311-3
3443,311-4,311-4
3444,311-4,311-5
3445,311-4,311-7
3446,311-4,311-8
3447,311-5,311-3
3448,311-5,311-4
3449,311-5,311-5
3450,311-5,311-7
3451,311-5,311-8
3452,311-7,311-3
3453,311-7,311-4
3454,311-7,311-5
3455,311-7,311-7
3456,311-7,311-8
3457,312-2,312-1
3458,312-2,312-2
3459,312-2,312-3
3460,312-2,312-7
3461,312-2,312-8
3462,312-2,312-10
3463,312-3,312-1
3464,312-3,312-2
3465,312-3,312-3
3466,312-3,312-7
3467,312-3,312-8
3468,312-3,312-10
3469,312-7,312-1
3470,312-7,312-2
3471,312-7,312-3
3472,312-7,312-7
3473,312-7,312-8
3474,312-7,312-10
3475,312-9,312-1
3476,312-9,312-2
3477,312-9,312-3
3478,312-9,312-7
3479,312-9,312-8
3480,312-9,312-10
3481,313-1,313-1
3482,313-1,313-2
3483,313-1,313-3
3484,313-1,313-8
3485,313-1,313-9
3486,313-1,313-10
3487,313-2,313-1
3488,313-2,313-2
3489,313-2,313-3
3490,313-2,313-8
3491,313-2,313-9
3492,313-2,313-10
3493,313-7,313-1
3494,313-7,313-2
3495,313-7,313-3
3496,313-7,313-8
3497,313-7,313-9
3498,313-7,313-10
3499,313-9,313-1
3500,313-9,313-2
3501,313-9,313-3
3502,313-9,313-8
3503,313-9,313-9
3504,313-9,313-10
3505,314-2,314-2
3506,315-1,315-1
3507,315-1,315-2
3508,315-1,315-4
3509,315-1,315-7
3510,315-1,315-9
3511,315-1,315-12
3512,315-2,315-1
3513,315-2,315-2
3514,315-2,315-4
3515,315-2,315-7
3516,315-2,315-9
3517,315-2,315-12
3518,315-4,315-1
3519,315-4,315-2
3520,315-4,315-4
3521,315-4,315-7
3522,315-4,315-9
3523,315-4,315-12
3524,315-7,315-1
3525,315-7,315-2
3526,315-7,315-4
3527,315-7,315-7
3528,315-7,315-9
3529,315-7,315-12
3530,315-9,315-1
3531,315-9,315-2
3532,315-9,315-4
3533,315-9,315-7
3534,315-9,315-9
3535,315-9,315-12
3536,315-11,315-1
3537,315-11,315-2
3538,315-11,315-4
3539,315-11,315-7
3540,315-11,315-9
3541,315-11,315-12
3542,316-2,316-3
3543,316-2,316-8
3544,316-3,316-3
3545,316-3,316-8
3546,316-4,316-3
3547,316-4,316-8
3548,316-8,316-3
3549,316-8,316-8
3550,316-10,316-3
3551,316-10,316-8
3552,317-1,317-1
3553,317-1,317-2
3554,317-1,317-3
3555,317-1,317-8
3556,317-2,317-1
3557,317-2,317-2
3558,317-2,317-3
3559,317-2,317-8
3560,318-1,318-1
3561,318-1,318-2
3562,318-1,318-3
3563,318-1,318-4
3564,318-1,318-5
3565,318-2,318-1
3566,318-2,318-2
3567,318-2,318-3
3568,318-2,318-4
3569,318-2,318-5
3570,318-3,318-1
3571,318-3,318-2
3572,318-3,318-3
3573,318-3,318-4
3574,318-3,318-5
3575,318-4,318-1
3576,318-4,318-2
3577,318-4,318-3
3578,318-4,318-4
3579,318-4,318-5
3580,318-5,318-1
3581,318-5,318-2
3582,318-5,318-3
3583,318-5,318-4
3584,318-5,318-5
3585,319-3,319-2
3586,319-3,319-3
3587,319-3,319-9
3588,319-9,319-2
3589,319-9,319-3
3590,319-9,319-9
3591,32-1,32-1
3592,321-1,321-1
3593,321-1,321-5
3594,322-1,322-3
3595,322-1,322-4
3596,322-1,322-5
3597,322-1,322-7
3598,322-3,322-3
3599,322-3,322-4
3600,322-3,322-5
3601,322-3,322-7
3602,322-5,322-3
3603,322-5,322-4
3604,322-5,322-5
3605,322-5,322-7
3606,322-7,322-3
3607,322-7,322-4
3608,322-7,322-5
3609,322-7,322-7
3610,323-1,323-1
3611,323-2,323-1
3612,323-4,323-1
3613,323-5,323-1
3614,323-9,323-1
3615,324-3,324-3
3616,324-3,324-6
3617,324-3,324-7
3618,325-2,325-1
3619,325-2,325-2
3620,325-2,325-4
3621,325-2,325-8
3622,325-2,325-9
3623,325-4,325-1
3624,325-4,325-2
3625,325-4,325-4
3626,325-4,325-8
3627,325-4,325-9
3628,325-7,325-1
3629,325-7,325-2
3630,325-7,325-4
3631,325-7,325-8
3632,325-7,325-9
3633,325-9,325-1
3634,325-9,325-2
3635,325-9,325-4
3636,325-9,325-8
3637,325-9,325-9
3638,326-1,326-1
3639,326-1,326-2
3640,326-1,326-3
3641,326-1,326-4
3642,326-1,326-9
3643,326-1,326-10
3644,326-2,326-1
3645,326-2,326-2
3646,326-2,326-3
3647,326-2,326-4
3648,326-2,326-9
3649,326-2,326-10
3650,326-5,326-1
3651,326-5,326-2
3652,326-5,326-3
3653,326-5,326-4
3654,326-5,326-9
3655,326-5,326-10
3656,326-9,326-1
3657,326-9,326-2
3658,326-9,326-3
3659,326-9,326-4
3660,326-9,326-9
3661,326-9,326-10
3662,327-1,327-4
3663,327-1,327-5
3664,327-1,327-6
3665,327-1,327-9
3666,327-1,327-12
3667,327-2,327-4
3668,327-2,327-5
3669,327-2,327-6
3670,327-2,327-9
3671,327-2,327-12
3672,327-3,327-4
3673,327-3,327-5
3674,327-3,327-6
3675,327-3,327-9
3676,327-3,327-12
3677,327-4,327-4
3678,327-4,327-5
3679,327-4,327-6
3680,327-4,327-9
3681,327-4,327-12
3682,327-5,327-4
3683,327-5,327-5
3684,327-5,327-6
3685,327-5,327-9
3686,327-5,327-12
3687,327-6,327-4
3688,327-6,327-5
3689,327-6,327-6
3690,327-6,327-9
3691,327-6,327-12
3692,327-8,327-4
3693,327-8,327-5
3694,327-8,327-6
3695,327-8,327-9
3696,327-8,327-12
3697,327-9,327-4
3698,327-9,327-5
3699,327-9,327-6
3700,327-9,327-9
3701,327-9,327-12
3702,327-10,327-4
3703,327-10,327-5
3704,327-10,327-6
3705,327-10,327-9
3706,327-10,327-12
3707,327-11,327-4
3708,327-11,327-5
3709,327-11,327-6
3710,327-11,327-9
3711,327-11,327-12
3712,327-12,327-4
3713,327-12,327-5
3714,327-12,327-6
3715,327-12,327-9
3716,327-12,327-12
3717,328-5,328-4
3718,328-5,328-5
3719,328-5,328-6
3720,328-6,328-4
3721,328-6,328-5
3722,328-6,328-6
3723,328-7,328-4
3724,328-7,328-5
3725,328-7,328-6
3726,33-3,33-3
3727,33-3,33-4
3728,330-1,330-1
3729,330-1,330-2
3730,330-1,330-3
3731,330-1,330-5
3732,330-1,330-7
3733,330-2,330-1
3734,330-2,330-2
3735,330-2,330-3
3736,330-2,330-5
3737,330-2,330-7
3738,330-3,330-1
3739,330-3,330-2
3740,330-3,330-3
3741,330-3,330-5
3742,330-3,330-7
3743,330-7,330-1
3744,330-7,330-2
3745,330-7,330-3
3746,330-7,330-5
3747,330-7,330-7
3748,332-3,332-1
3749,332-3,332-2
3750,332-3,332-3
3751,332-3,332-4
3752,332-3,332-13
3753,332-4,332-1
3754,332-4,332-2
3755,332-4,332-3
3756,332-4,332-4
3757,332-4,332-13
3758,332-9,332-1
3759,332-9,332-2
3760,332-9,332-3
3761,332-9,332-4
3762,332-9,332-13
3763,332-11,332-1
3764,332-11,332-2
3765,332-11,332-3
3766,332-11,332-4
3767,332-11,332-13
3768,332-12,332-1
3769,332-12,332-2
3770,332-12,332-3
3771,332-12,332-4
3772,332-12,332-13
3773,332-13,332-1
3774,332-13,332-2
3775,332-13,332-3
3776,332-13,332-4
3777,332-13,332-13
3778,333-1,333-1
3779,333-1,333-2
3780,333-1,333-3
3781,333-1,333-5
3782,333-2,333-1
3783,333-2,333-2
3784,333-2,333-3
3785,333-2,333-5
3786,333-4,333-1
3787,333-4,333-2
3788,333-4,333-3
3789,333-4,333-5
3790,334-2,334-1
3791,334-2,334-2
3792,334-2,334-3
3793,335-3,335-2
3794,335-3,335-3
3795,335-3,335-4
3796,335-3,335-5
3797,335-3,335-6
3798,335-3,335-7
3799,335-3,335-12
3800,335-6,335-2
3801,335-6,335-3
3802,335-6,335-4
3803,335-6,335-5
3804,335-6,335-6
3805,335-6,335-7
3806,335-6,335-12
3807,335-7,335-2
3808,335-7,335-3
3809,335-7,335-4
3810,335-7,335-5
3811,335-7,335-6
3812,335-7,335-7
3813,335-7,335-12
3814,335-12,335-2
3815,335-12,335-3
3816,335-12,335-4
3817,335-12,335-5
3818,335-12,335-6
3819,335-12,335-7
3820,335-12,335-12
3821,337-1,337-1
3822,337-1,337-6
3823,337-1,337-8
3824,337-4,337-1
3825,337-4,337-6
3826,337-4,337-8
3827,337-6,337-1
3828,337-6,337-6
3829,337-6,337-8
3830,337-8,337-1
3831,337-8,337-6
3832,337-8,337-8
3833,338-3,338-3
3834,338-3,338-4
3835,338-3,338-10
3836,338-3,338-13
3837,338-3,338-14
3838,338-14,338-3
3839,338-14,338-4
3840,338-14,338-10
3841,338-14,338-13
3842,338-14,338-14
3843,341-3,341-2
3844,341-3,341-3
3845,341-3,341-4
3846,341-3,341-5
3847,341-3,341-6
3848,341-3,341-7
3849,341-3,341-8
3850,341-3,341-9
3851,341-3,341-10
3852,341-3,341-11
3853,341-3,341-13
3854,341-4,341-2
3855,341-4,341-3
3856,341-4,341-4
3857,341-4,341-5
3858,341-4,341-6
3859,341-4,341-7
3860,341-4,341-8
3861,341-4,341-9
3862,341-4,341-10
3863,341-4,341-11
3864,341-4,341-13
3865,341-5,341-2
3866,341-5,341-3
3867,341-5,341-4
3868,341-5,341-5
3869,341-5,341-6
3870,341-5,341-7
3871,341-5,341-8
3872,341-5,341-9
3873,341-5,341-10
3874,341-5,341-11
3875,341-5,341-13
3876,341-8,341-2
3877,341-8,341-3
3878,341-8,341-4
3879,341-8,341-5
3880,341-8,341-6
3881,341-8,341-7
3882,341-8,341-8
3883,341-8,341-9
3884,341-8,341-10
3885,341-8,341-11
3886,341-8,341-13
3887,341-9,341-2
3888,341-9,341-3
3889,341-9,341-4
3890,341-9,341-5
3891,341-9,341-6
3892,341-9,341-7
3893,341-9,341-8
3894,341-9,341-9
3895,341-9,341-10
3896,341-9,341-11
3897,341-9,341-13
3898,341-10,341-2
3899,341-10,341-3
3900,341-10,341-4
3901,341-10,341-5
3902,341-10,341-6
3903,341-10,341-7
3904,341-10,341-8
3905,341-10,341-9
3906,341-10,341-10
3907,341-10,341-11
3908,341-10,341-13
3909,341-11,341-2
3910,341-11,341-3
3911,341-11,341-4
3912,341-11,341-5
3913,341-11,341-6
3914,341-11,341-7
3915,341-11,341-8
3916,341-11,341-9
3917,341-11,341-10
3918,341-11,341-11
3919,341-11,341-13
3920,341-12,341-2
3921,341-12,341-3
3922,341-12,341-4
3923,341-12,341-5
3924,341-12,341-6
3925,341-12,341-7
3926,341-12,341-8
3927,341-12,341-9
3928,341-12,341-10
3929,341-12,341-11
3930,341-12,341-13
3931,341-13,341-2
3932,341-13,341-3
3933,341-13,341-4
3934,341-13,341-5
3935,341-13,341-6
3936,341-13,341-7
3937,341-13,341-8
3938,341-13,341-9
3939,341-13,341-10
3940,341-13,341-11
3941,341-13,341-13
3942,342-1,342-1
3943,342-1,342-6
3944,342-2,342-1
3945,342-2,342-6
3946,342-3,342-1
3947,342-3,342-6
3948,342-7,342-1
3949,342-7,342-6
3950,343-1,343-1
3951,343-1,343-2
3952,343-2,343-1
3953,343-2,343-2
3954,343-4,343-1
3955,343-4,343-2
3956,343-5,343-1
3957,343-5,343-2
3958,343-6,343-1
3959,343-6,343-2
3960,344-3,344-2
3961,344-3,344-3
3962,344-3,344-4
3963,344-3,344-7
3964,344-3,344-8
3965,344-3,344-13
3966,344-3,344-14
3967,344-8,344-2
3968,344-8,344-3
3969,344-8,344-4
3970,344-8,344-7
3971,344-8,344-8
3972,344-8,344-13
3973,344-8,344-14
3974,345-4,345-2
3975,345-4,345-4
3976,345-4,345-5
3977,346-1,346-1
3978,346-1,346-2
3979,346-1,346-3
3980,346-1,346-10
3981,346-10,346-1
3982,346-10,346-2
3983,346-10,346-3
3984,346-10,346-10
3985,348-1,348-1
3986,348-1,348-2
3987,348-1,348-3
3988,348-1,348-6
3989,349-1,349-1
3990,349-1,349-4
3991,349-1,349-9
3992,349-2,349-1
3993,349-2,349-4
3994,349-2,349-9
3995,349-4,349-1
3996,349-4,349-4
3997,349-4,349-9
3998,35-1,35-13
3999,35-3,35-13
4000,35-5,35-13
4001,35-6,35-13
4002,35-13,35-13
4003,350-4,350-1
4004,350-4,350-4
4005,350-4,350-5
4006,350-4,350-6
4007,350-4,350-8
4008,350-5,350-1
4009,350-5,350-4
4010,350-5,350-5
4011,350-5,350-6
4012,350-5,350-8
4013,350-6,350-1
4014,350-6,350-4
4015,350-6,350-5
4016,350-6,350-6
4017,350-6,350-8
4018,350-7,350-1
4019,350-7,350-4
4020,350-7,350-5
4021,350-7,350-6
4022,350-7,350-8
4023,350-9,350-1
4024,350-9,350-4
4025,350-9,350-5
4026,350-9,350-6
4027,350-9,350-8
4028,36-4,36-7
4029,36-6,36-7
4030,36-7,36-7
4031,37-4,37-4
4032,38-1,38-1
4033,4-1,4-1
4034,4-1,4-2
4035,4-1,4-3
4036,4-1,4-4
4037,4-1,4-5
4038,4-1,4-6
4039,4-1,4-7
4040,4-2,4-1
4041,4-2,4-2
4042,4-2,4-3
4043,4-2,4-4
4044,4-2,4-5
4045,4-2,4-6
4046,4-2,4-7
4047,4-3,4-1
4048,4-3,4-2
4049,4-3,4-3
4050,4-3,4-4
4051,4-3,4-5
4052,4-3,4-6
4053,4-3,4-7
4054,4-4,4-1
4055,4-4,4-2
4056,4-4,4-3
4057,4-4,4-4
4058,4-4,4-5
4059,4-4,4-6
4060,4-4,4-7
4061,4-5,4-1
4062,4-5,4-2
4063,4-5,4-3
4064,4-5,4-4
4065,4-5,4-5
4066,4-5,4-6
4067,4-5,4-7
4068,4-6,4-1
4069,4-6,4-2
4070,4-6,4-3
4071,4-6,4-4
4072,4-6,4-5
4073,4-6,4-6
4074,4-6,4-7
4075,4-7,4-1
4076,4-7,4-2
4077,4-7,4-3
4078,4-7,4-4
4079,4-7,4-5
4080,4-7,4-6
4081,4-7,4-7
4082,40-1,40-5
4083,40-1,40-6
4084,40-5,40-5
4085,40-5,40-6
4086,41-5,41-5
4087,41-5,41-6
4088,41-6,41-5
4089,41-6,41-6
4090,42-1,42-1
4091,42-1,42-2
4092,42-1,42-3
4093,42-1,42-4
4094,42-1,42-5
4095,42-2,42-1
4096,42-2,42-2
4097,42-2,42-3
4098,42-2,42-4
4099,42-2,42-5
4100,42-4,42-1
4101,42-4,42-2
4102,42-4,42-3
4103,42-4,42-4
4104,42-4,42-5
4105,42-5,42-1
4106,42-5,42-2
4107,42-5,42-3
4108,42-5,42-4
4109,42-5,42-5
4110,42-6,42-1
4111,42-6,42-2
4112,42-6,42-3
4113,42-6,42-4
4114,42-6,42-5
4115,43-3,43-2
4116,43-3,43-3
4117,43-3,43-8
4118,43-3,43-10
4119,43-8,43-2
4120,43-8,43-3
4121,43-8,43-8
4122,43-8,43-10
4123,43-10,43-2
4124,43-10,43-3
4125,43-10,43-8
4126,43-10,43-10
4127,44-1,44-1
4128,44-1,44-2
4129,44-1,44-3
4130,44-1,44-8
4131,44-1,44-9
4132,44-1,44-10
4133,44-2,44-1
4134,44-2,44-2
4135,44-2,44-3
4136,44-2,44-8
4137,44-2,44-9
4138,44-2,44-10
4139,44-8,44-1
4140,44-8,44-2
4141,44-8,44-3
4142,44-8,44-8
4143,44-8,44-9
4144,44-8,44-10
4145,44-9,44-1
4146,44-9,44-2
4147,44-9,44-3
4148,44-9,44-8
4149,44-9,44-9
4150,44-9,44-10
4151,44-10,44-1
4152,44-10,44-2
4153,44-10,44-3
4154,44-10,44-8
4155,44-10,44-9
4156,44-10,44-10
4157,45-2,45-2
4158,45-2,45-3
4159,45-3,45-2
4160,45-3,45-3
4161,46-1,46-1
4162,46-1,46-4
4163,46-1,46-5
4164,46-1,46-6
4165,46-1,46-7
4166,46-1,46-8
4167,46-2,46-1
4168,46-2,46-4
4169,46-2,46-5
4170,46-2,46-6
4171,46-2,46-7
4172,46-2,46-8
4173,46-3,46-1
4174,46-3,46-4
4175,46-3,46-5
4176,46-3,46-6
4177,46-3,46-7
4178,46-3,46-8
4179,46-4,46-1
4180,46-4,46-4
4181,46-4,46-5
4182,46-4,46-6
4183,46-4,46-7
4184,46-4,46-8
4185,46-5,46-1
4186,46-5,46-4
4187,46-5,46-5
4188,46-5,46-6
4189,46-5,46-7
4190,46-5,46-8
4191,46-6,46-1
4192,46-6,46-4
4193,46-6,46-5
4194,46-6,46-6
4195,46-6,46-7
4196,46-6,46-8
4197,46-7,46-1
4198,46-7,46-4
4199,46-7,46-5
4200,46-7,46-6
4201,46-7,46-7
4202,46-7,46-8
4203,46-8,46-1
4204,46-8,46-4
4205,46-8,46-5
4206,46-8,46-6
4207,46-8,46-7
4208,46-8,46-8
4209,48-1,48-1
4210,49-1,49-1
4211,49-1,49-2
4212,49-1,49-5
4213,49-1,49-12
4214,49-2,49-1
4215,49-2,49-2
4216,49-2,49-5
4217,49-2,49-12
4218,49-5,49-1
4219,49-5,49-2
4220,49-5,49-5
4221,49-5,49-12
4222,49-6,49-1
4223,49-6,49-2
4224,49-6,49-5
4225,49-6,49-12
4226,49-7,49-1
4227,49-7,49-2
4228,49-7,49-5
4229,49-7,49-12
4230,49-12,49-1
4231,49-12,49-2
4232,49-12,49-5
4233,49-12,49-12
4234,5-1,5-1
4235,5-1,5-2
4236,5-1,5-4
4237,5-3,5-1
4238,5-3,5-2
4239,5-3,5-4
4240,5-4,5-1
4241,5-4,5-2
4242,5-4,5-4
4243,50-5,50-1
4244,50-5,50-5
4245,50-5,50-6
4246,50-5,50-7
4247,50-7,50-1
4248,50-7,50-5
4249,50-7,50-6
4250,50-7,50-7
4251,51-1,51-1
4252,51-1,51-3
4253,52-1,52-1
4254,52-1,52-3
4255,52-1,52-4
4256,52-1,52-10
4257,53-2,53-2
4258,53-2,53-3
4259,53-2,53-4
4260,53-2,53-7
4261,53-4,53-2
4262,53-4,53-3
4263,53-4,53-4
4264,53-4,53-7
4265,53-7,53-2
4266,53-7,53-3
4267,53-7,53-4
4268,53-7,53-7
4269,54-1,54-1
4270,54-1,54-2
4271,54-1,54-9
4272,54-4,54-1
4273,54-4,54-2
4274,54-4,54-9
4275,54-7,54-1
4276,54-7,54-2
4277,54-7,54-9
4278,54-9,54-1
4279,54-9,54-2
4280,54-9,54-9
4281,55-3,55-1
4282,55-3,55-3
4283,55-3,55-4
4284,55-3,55-12
4285,55-4,55-1
4286,55-4,55-3
4287,55-4,55-4
4288,55-4,55-12
4289,55-12,55-1
4290,55-12,55-3
4291,55-12,55-4
4292,55-12,55-12
4293,56-3,56-2
4294,56-3,56-7
4295,56-3,56-9
4296,56-4,56-2
4297,56-4,56-7
4298,56-4,56-9
4299,56-7,56-2
4300,56-7,56-7
4301,56-7,56-9
4302,56-9,56-2
4303,56-9,56-7
4304,56-9,56-9
4305,57-2,57-2
4306,57-2,57-5
4307,57-2,57-10
4308,57-5,57-2
4309,57-5,57-5
4310,57-5,57-10
4311,57-10,57-2
4312,57-10,57-5
4313,57-10,57-10
4314,58-1,58-1
4315,58-1,58-13
4316,58-13,58-1
4317,58-13,58-13
4318,59-2,59-2
4319,59-2,59-9
4320,59-9,59-2
4321,59-9,59-9
4322,6-6,6-6
4323,6-6,6-8
4324,6-6,6-10
4325,6-8,6-6
4326,6-8,6-8
4327,6-8,6-10
4328,6-10,6-6
4329,6-10,6-8
4330,6-10,6-10
4331,60-2,60-2
4332,60-2,60-7
4333,60-2,60-12
4334,60-7,60-2
4335,60-7,60-7
4336,60-7,60-12
4337,60-8,60-2
4338,60-8,60-7
4339,60-8,60-12
4340,60-12,60-2
4341,60-12,60-7
4342,60-12,60-12
4343,61-3,61-2
4344,61-3,61-3
4345,61-3,61-5
4346,61-3,61-6
4347,61-3,61-7
4348,61-5,61-2
4349,61-5,61-3
4350,61-5,61-5
4351,61-5,61-6
4352,61-5,61-7
4353,61-6,61-2
4354,61-6,61-3
4355,61-6,61-5
4356,61-6,61-6
4357,61-6,61-7
4358,61-7,61-2
4359,61-7,61-3
4360,61-7,61-5
4361,61-7,61-6
4362,61-7,61-7
4363,62-1,62-3
4364,62-3,62-3
4365,62-4,62-3
4366,62-5,62-3
4367,62-8,62-3
4368,63-5,63-10
4369,63-10,63-10
4370,64-1,64-1
4371,64-1,64-2
4372,64-1,64-3
4373,64-1,64-6
4374,64-4,64-1
4375,64-4,64-2
4376,64-4,64-3
4377,64-4,64-6
4378,64-6,64-1
4379,64-6,64-2
4380,64-6,64-3
4381,64-6,64-6
4382,65-4,65-4
4383,65-4,65-5
4384,65-4,65-7
4385,65-5,65-4
4386,65-5,65-5
4387,65-5,65-7
4388,65-6,65-4
4389,65-6,65-5
4390,65-6,65-7
4391,65-7,65-4
4392,65-7,65-5
4393,65-7,65-7
4394,65-9,65-4
4395,65-9,65-5
4396,65-9,65-7
4397,66-1,66-1
4398,66-1,66-2
4399,66-1,66-5
4400,66-2,66-1
4401,66-2,66-2
4402,66-2,66-5
4403,66-3,66-1
4404,66-3,66-2
4405,66-3,66-5
4406,66-5,66-1
4407,66-5,66-2
4408,66-5,66-5
4409,67-3,67-3
4410,67-3,67-5
4411,68-1,68-1
4412,68-6,68-1
4413,7-1,7-1
4414,7-1,7-2
4415,7-1,7-3
4416,7-1,7-4
4417,7-1,7-8
4418,7-1,7-9
4419,7-2,7-1
4420,7-2,7-2
4421,7-2,7-3
4422,7-2,7-4
4423,7-2,7-8
4424,7-2,7-9
4425,7-3,7-1
4426,7-3,7-2
4427,7-3,7-3
4428,7-3,7-4
4429,7-3,7-8
4430,7-3,7-9
4431,7-8,7-1
4432,7-8,7-2
4433,7-8,7-3
4434,7-8,7-4
4435,7-8,7-8
4436,7-8,7-9
4437,7-9,7-1
4438,7-9,7-2
4439,7-9,7-3
4440,7-9,7-4
4441,7-9,7-8
4442,7-9,7-9
4443,71-1,71-4
4444,71-4,71-4
4445,72-1,72-1
4446,72-1,72-2
4447,72-1,72-5
4448,72-1,72-8
4449,72-3,72-1
4450,72-3,72-2
4451,72-3,72-5
4452,72-3,72-8
4453,72-8,72-1
4454,72-8,72-2
4455,72-8,72-5
4456,72-8,72-8
4457,73-1,73-1
4458,73-1,73-2
4459,73-1,73-4
4460,73-1,73-6
4461,73-2,73-1
4462,73-2,73-2
4463,73-2,73-4
4464,73-2,73-6
4465,73-4,73-1
4466,73-4,73-2
4467,73-4,73-4
4468,73-4,73-6
4469,74-4,74-4
4470,75-1,75-8
4471,75-2,75-8
4472,75-4,75-8
4473,75-5,75-8
4474,75-8,75-8
4475,76-4,76-3
4476,76-4,76-4
4477,76-5,76-3
4478,76-5,76-4
4479,76-8,76-3
4480,76-8,76-4
4481,77-3,77-2
4482,77-3,77-3
4483,77-3,77-9
4484,77-3,77-11
4485,77-9,77-2
4486,77-9,77-3
4487,77-9,77-9
4488,77-9,77-11
4489,77-10,77-2
4490,77-10,77-3
4491,77-10,77-9
4492,77-10,77-11
4493,77-11,77-2
4494,77-11,77-3
4495,77-11,77-9
4496,77-11,77-11
4497,78-3,78-1
4498,78-3,78-2
4499,78-3,78-3
4500,78-3,78-4
4501,78-3,78-11
4502,78-4,78-1
4503,78-4,78-2
4504,78-4,78-3
4505,78-4,78-4
4506,78-4,78-11
4507,78-9,78-1
4508,78-9,78-2
4509,78-9,78-3
4510,78-9,78-4
4511,78-9,78-11
4512,78-11,78-1
4513,78-11,78-2
4514,78-11,78-3
4515,78-11,78-4
4516,78-11,78-11
4517,79-1,79-8
4518,79-8,79-8
4519,8-1,8-1
4520,8-1,8-2
4521,8-1,8-4
4522,8-1,8-5
4523,8-1,8-10
4524,8-2,8-1
4525,8-2,8-2
4526,8-2,8-4
4527,8-2,8-5
4528,8-2,8-10
4529,8-4,8-1
4530,8-4,8-2
4531,8-4,8-4
4532,8-4,8-5
4533,8-4,8-10
4534,8-5,8-1
4535,8-5,8-2
4536,8-5,8-4
4537,8-5,8-5
4538,8-5,8-10
4539,8-8,8-1
4540,8-8,8-2
4541,8-8,8-4
4542,8-8,8-5
4543,8-8,8-10
4544,8-10,8-1
4545,8-10,8-2
4546,8-10,8-4
4547,8-10,8-5
4548,8-10,8-10
4549,80-3,80-2
4550,80-3,80-3
4551,80-3,80-5
4552,80-3,80-6
4553,80-3,80-8
4554,80-3,80-10
4555,80-3,80-11
4556,80-8,80-2
4557,80-8,80-3
4558,80-8,80-5
4559,80-8,80-6
4560,80-8,80-8
4561,80-8,80-10
4562,80-8,80-11
4563,80-10,80-2
4564,80-10,80-3
4565,80-10,80-5
4566,80-10,80-6
4567,80-10,80-8
4568,80-10,80-10
4569,80-10,80-11
4570,80-11,80-2
4571,80-11,80-3
4572,80-11,80-5
4573,80-11,80-6
4574,80-11,80-8
4575,80-11,80-10
4576,80-11,80-11
4577,81-7,81-1
4578,81-7,81-2
4579,81-7,81-6
4580,81-7,81-7
4581,82-1,82-2
4582,82-1,82-9
4583,82-1,82-10
4584,82-2,82-2
4585,82-2,82-9
4586,82-2,82-10
4587,82-3,82-2
4588,82-3,82-9
4589,82-3,82-10
4590,82-9,82-2
4591,82-9,82-9
4592,82-9,82-10
4593,82-10,82-2
4594,82-10,82-9
4595,82-10,82-10
4596,83-2,83-2
4597,83-2,83-3
4598,83-2,83-4
4599,83-2,83-7
4600,83-2,83-12
4601,83-2,83-14
4602,83-2,83-15
4603,83-7,83-2
4604,83-7,83-3
4605,83-7,83-4
4606,83-7,83-7
4607,83-7,83-12
4608,83-7,83-14
4609,83-7,83-15
4610,83-14,83-2
4611,83-14,83-3
4612,83-14,83-4
4613,83-14,83-7
4614,83-14,83-12
4615,83-14,83-14
4616,83-14,83-15
4617,84-1,84-1
4618,84-1,84-2
4619,84-1,84-4
4620,84-1,84-6
4621,84-1,84-9
4622,84-1,84-10
4623,84-1,84-12
4624,84-1,84-13
4625,84-2,84-1
4626,84-2,84-2
4627,84-2,84-4
4628,84-2,84-6
4629,84-2,84-9
4630,84-2,84-10
4631,84-2,84-12
4632,84-2,84-13
4633,84-5,84-1
4634,84-5,84-2
4635,84-5,84-4
4636,84-5,84-6
4637,84-5,84-9
4638,84-5,84-10
4639,84-5,84-12
4640,84-5,84-13
4641,84-7,84-1
4642,84-7,84-2
4643,84-7,84-4
4644,84-7,84-6
4645,84-7,84-9
4646,84-7,84-10
4647,84-7,84-12
4648,84-7,84-13
4649,84-8,84-1
4650,84-8,84-2
4651,84-8,84-4
4652,84-8,84-6
4653,84-8,84-9
4654,84-8,84-10
4655,84-8,84-12
4656,84-8,84-13
4657,84-10,84-1
4658,84-10,84-2
4659,84-10,84-4
4660,84-10,84-6
4661,84-10,84-9
4662,84-10,84-10
4663,84-10,84-12
4664,84-10,84-13
4665,84-12,84-1
4666,84-12,84-2
4667,84-12,84-4
4668,84-12,84-6
4669,84-12,84-9
4670,84-12,84-10
4671,84-12,84-12
4672,84-12,84-13
4673,84-13,84-1
4674,84-13,84-2
4675,84-13,84-4
4676,84-13,84-6
4677,84-13,84-9
4678,84-13,84-10
4679,84-13,84-12
4680,84-13,84-13
4681,85-6,85-3
4682,85-6,85-5
4683,85-6,85-6
4684,86-1,86-1
4685,86-1,86-8
4686,86-1,86-10
4687,86-8,86-1
4688,86-8,86-8
4689,86-8,86-10
4690,86-9,86-1
4691,86-9,86-8
4692,86-9,86-10
4693,86-10,86-1
4694,86-10,86-8
4695,86-10,86-10
4696,87-4,87-1
4697,87-4,87-4
4698,87-4,87-5
4699,87-5,87-1
4700,87-5,87-4
4701,87-5,87-5
4702,88-6,88-6
4703,88-6,88-7
4704,88-6,88-10
4705,88-9,88-6
4706,88-9,88-7
4707,88-9,88-10
4708,89-4,89-4
4709,89-4,89-6
4710,89-4,89-7
4711,89-4,89-8
4712,89-4,89-9
4713,89-6,89-4
4714,89-6,89-6
4715,89-6,89-7
4716,89-6,89-8
4717,89-6,89-9
4718,9-1,9-2
4719,9-1,9-3
4720,9-1,9-5
4721,9-1,9-7
4722,9-1,9-8
4723,9-1,9-9
4724,9-1,9-14
4725,9-2,9-2
4726,9-2,9-3
4727,9-2,9-5
4728,9-2,9-7
4729,9-2,9-8
4730,9-2,9-9
4731,9-2,9-14
4732,9-4,9-2
4733,9-4,9-3
4734,9-4,9-5
4735,9-4,9-7
4736,9-4,9-8
4737,9-4,9-9
4738,9-4,9-14
4739,9-5,9-2
4740,9-5,9-3
4741,9-5,9-5
4742,9-5,9-7
4743,9-5,9-8
4744,9-5,9-9
4745,9-5,9-14
4746,9-6,9-2
4747,9-6,9-3
4748,9-6,9-5
4749,9-6,9-7
4750,9-6,9-8
4751,9-6,9-9
4752,9-6,9-14
4753,9-7,9-2
4754,9-7,9-3
4755,9-7,9-5
4756,9-7,9-7
4757,9-7,9-8
4758,9-7,9-9
4759,9-7,9-14
4760,9-8,9-2
4761,9-8,9-3
4762,9-8,9-5
4763,9-8,9-7
4764,9-8,9-8
4765,9-8,9-9
4766,9-8,9-14
4767,9-9,9-2
4768,9-9,9-3
4769,9-9,9-5
4770,9-9,9-7
4771,9-9,9-8
4772,9-9,9-9
4773,9-9,9-14
4774,9-10,9-2
4775,9-10,9-3
4776,9-10,9-5
4777,9-10,9-7
4778,9-10,9-8
4779,9-10,9-9
4780,9-10,9-14
4781,9-11,9-2
4782,9-11,9-3
4783,9-11,9-5
4784,9-11,9-7
4785,9-11,9-8
4786,9-11,9-9
4787,9-11,9-14
4788,9-13,9-2
4789,9-13,9-3
4790,9-13,9-5
4791,9-13,9-7
4792,9-13,9-8
4793,9-13,9-9
4794,9-13,9-14
4795,9-14,9-2
4796,9-14,9-3
4797,9-14,9-5
4798,9-14,9-7
4799,9-14,9-8
4800,9-14,9-9
4801,9-14,9-14
4802,90-1,90-1
4803,90-1,90-3
4804,90-1,90-4
4805,90-1,90-5
4806,90-1,90-11
4807,90-1,90-12
4808,90-2,90-1
4809,90-2,90-3
4810,90-2,90-4
4811,90-2,90-5
4812,90-2,90-11
4813,90-2,90-12
4814,90-11,90-1
4815,90-11,90-3
4816,90-11,90-4
4817,90-11,90-5
4818,90-11,90-11
4819,90-11,90-12
4820,90-12,90-1
4821,90-12,90-3
4822,90-12,90-4
4823,90-12,90-5
4824,90-12,90-11
4825,90-12,90-12
4826,91-4,91-1
4827,91-4,91-2
4828,91-4,91-3
4829,91-4,91-5
4830,91-4,91-7
4831,91-4,91-8
4832,91-7,91-1
4833,91-7,91-2
4834,91-7,91-3
4835,91-7,91-5
4836,91-7,91-7
4837,91-7,91-8
4838,93-2,93-2
4839,93-2,93-12
4840,93-2,93-14
4841,93-12,93-2
4842,93-12,93-12
4843,93-12,93-14
4844,93-14,93-2
4845,93-14,93-12
4846,93-14,93-14
4847,96-4,96-4
4848,96-4,96-5
4849,96-4,96-6
4850,96-5,96-4
4851,96-5,96-5
4852,96-5,96-6
4853,98-2,98-8
4854,98-8,98-8
4855,99-2,99-1
4856,99-2,99-2
4857,99-2,99-3
4858,99-2,99-5
4859,99-2,99-6
4860,99-2,99-8
4861,99-3,99-1
4862,99-3,99-2
4863,99-3,99-3
4864,99-3,99-5
4865,99-3,99-6
4866,99-3,99-8
4867,99-5,99-1
4868,99-5,99-2
4869,99-5,99-3
4870,99-5,99-5
4871,99-5,99-6
4872,99-5,99-8
4873,99-6,99-1
4874,99-6,99-2
4875,99-6,99-3
4876,99-6,99-5
4877,99-6,99-6
4878,99-6,99-8
4879,99-7,99-1
4880,99-7,99-2
4881,99-7,99-3
4882,99-7,99-5
4883,99-7,99-6
4884,99-7,99-8
4885,99-8,99-1
4886,99-8,99-2
4887,99-8,99-3
4888,99-8,99-5
4889,99-8,99-6
4890,99-8,99-8
